,,,x,y
Record Length,2500,Points,0.0,-439.999997616E-3,
Sample Interval,4.00000019E-3,s,4.00000019E-3,-439.999997616E-3,
Trigger Point,0.0,Samples,8.000000380E-3,-439.999997616E-3,
,,,12.0000001E-3,-479.999989271E-3,
,,,16.0000008E-3,-479.999989271E-3,
,,,20.0000014E-3,-479.999989271E-3,
Source,CH1,,24.00000021E-3,-439.999997616E-3,
Vertical Units,Volts,,28.00000086E-3,-479.999989271E-3,
Vertical Scale,999.999977648E-3,,32.00000152E-3,-479.999989271E-3,
Vertical Offset,0,,36.00000218E-3,-479.999989271E-3,
Horizontal Units,s,,40.00000283E-3,-519.999980927E-3,
Horizontal Scale,1.0000000,,44.00000349E-3,-479.999989271E-3,
Pt Fmt,Y,,48.00000042E-3,-519.999980927E-3,
Yzero,0.0,,52.00000107E-3,-519.999980927E-3,
Probe Atten,1.000000,,56.000001729E-3,-519.999980927E-3,
,,,60.000002384E-3,-519.999980927E-3,
Note,TBS 1102B-EDU - 6:51:39 p. m.   29/02/2024,,64.000003040E-3,-519.999980927E-3,
,,,68.000003695E-3,-519.999980927E-3,
,,,72.000004351E-3,-519.999980927E-3,
,,,76.000005007E-3,-519.999980927E-3,
,,,80.000005662E-3,-519.999980927E-3,
,,,84.000006318E-3,-519.999980927E-3,
,,,88.000006974E-3,-560.000002384E-3,
,,,92.000007629E-3,-519.999980927E-3,
,,,96.000000834E-3,-560.000002384E-3,
,,,100.0000015E-3,-519.999980927E-3,
,,,104.0000021E-3,-519.999980927E-3,
,,,108.0000028E-3,-560.000002384E-3,
,,,112.0000035E-3,-519.999980927E-3,
,,,116.0000041E-3,-519.999980927E-3,
,,,120.0000048E-3,-519.999980927E-3,
,,,124.0000054E-3,-519.999980927E-3,
,,,128.0000061E-3,-519.999980927E-3,
,,,131.9999993E-3,-519.999980927E-3,
,,,136.0000074E-3,-519.999980927E-3,
,,,140.0000006E-3,-519.999980927E-3,
,,,144.0000087E-3,-519.999980927E-3,
,,,148.0000019E-3,-479.999989271E-3,
,,,152.00001001E-3,-519.999980927E-3,
,,,156.00000322E-3,-519.999980927E-3,
,,,160.00001132E-3,-479.999989271E-3,
,,,164.00000453E-3,-519.999980927E-3,
,,,168.00001264E-3,-479.999989271E-3,
,,,172.00000584E-3,-479.999989271E-3,
,,,176.00001395E-3,-479.999989271E-3,
,,,180.00000715E-3,-479.999989271E-3,
,,,184.00001526E-3,-479.999989271E-3,
,,,188.00000846E-3,-439.999997616E-3,
,,,192.00000167E-3,-479.999989271E-3,
,,,196.00000978E-3,-479.999989271E-3,
,,,200.00000298E-3,-439.999997616E-3,
,,,204.00001109E-3,-439.999997616E-3,
,,,208.00000429E-3,-439.999997616E-3,
,,,212.00001240E-3,-439.999997616E-3,
,,,216.00000560E-3,-439.999997616E-3,
,,,220.00001371E-3,-439.999997616E-3,
,,,224.00000691E-3,-399.99997616E-3,
,,,228.00001502E-3,-439.999997616E-3,
,,,232.00000823E-3,-399.99997616E-3,
,,,236.00001633E-3,-399.99997616E-3,
,,,240.00000954E-3,-399.99997616E-3,
,,,244.00001764E-3,-399.99997616E-3,
,,,248.00001085E-3,-359.99998450E-3,
,,,252.00000405E-3,-359.99998450E-3,
,,,256.00001216E-3,-359.99998450E-3,
,,,260.00002027E-3,-359.99998450E-3,
,,,263.99999857E-3,-319.99999285E-3,
,,,268.00000668E-3,-359.99998450E-3,
,,,272.00001478E-3,-359.99998450E-3,
,,,276.00002289E-3,-319.99999285E-3,
,,,280.00000119E-3,-319.99999285E-3,
,,,284.00000930E-3,-280.00000119E-3,
,,,288.00001740E-3,-280.00000119E-3,
,,,292.00002551E-3,-280.00000119E-3,
,,,296.00000381E-3,-280.00000119E-3,
,,,300.00001192E-3,-280.00000119E-3,
,,,304.00002003E-3,-280.00000119E-3,
,,,308.00002813E-3,-239.99999464E-3,
,,,312.00000644E-3,-239.99999464E-3,
,,,316.00001454E-3,-239.99999464E-3,
,,,320.00002265E-3,-239.99999464E-3,
,,,324.00000095E-3,-199.99998808E-3,
,,,328.00000906E-3,-199.99998808E-3,
,,,332.00001717E-3,-199.99998808E-3,
,,,336.00002527E-3,-199.99998808E-3,
,,,340.00000358E-3,-159.99999642E-3,
,,,344.00001168E-3,-199.99998808E-3,
,,,348.00001979E-3,-159.99999642E-3,
,,,352.00002789E-3,-159.99999642E-3,
,,,356.00000620E-3,-159.99999642E-3,
,,,360.00001431E-3,-119.9999973E-3,
,,,364.00002241E-3,-119.9999973E-3,
,,,368.00003052E-3,-119.9999973E-3,
,,,372.00000882E-3,-119.9999973E-3,
,,,376.00001693E-3,-119.9999973E-3,
,,,380.00002503E-3,-79.999998212E-3,
,,,384.00000334E-3,-79.999998212E-3,
,,,388.00001144E-3,-39.99999911E-3,
,,,392.00001955E-3,-39.99999911E-3,
,,,396.00002766E-3,-39.99999911E-3,
,,,400.00000596E-3,-39.99999911E-3,
,,,404.000014067E-3,-39.99999911E-3,
,,,408.000022173E-3,0.0,
,,,412.000030279E-3,0.0,
,,,416.000008583E-3,0.0,
,,,420.000016689E-3,0.0,
,,,424.000024796E-3,0.0,
,,,428.000032902E-3,0.0,
,,,432.000011206E-3,0.0,
,,,436.000019312E-3,39.99999911E-3,
,,,440.000027418E-3,39.99999911E-3,
,,,444.000035524E-3,39.99999911E-3,
,,,448.000013828E-3,39.99999911E-3,
,,,452.000021935E-3,79.999998212E-3,
,,,456.000030041E-3,79.999998212E-3,
,,,460.000008345E-3,79.999998212E-3,
,,,464.000016451E-3,79.999998212E-3,
,,,468.000024557E-3,119.9999973E-3,
,,,472.000032663E-3,79.999998212E-3,
,,,476.000010967E-3,119.9999973E-3,
,,,480.000019073E-3,159.99999642E-3,
,,,484.000027180E-3,119.9999973E-3,
,,,488.000035286E-3,119.9999973E-3,
,,,492.000013590E-3,119.9999973E-3,
,,,496.000021696E-3,159.99999642E-3,
,,,500.000000000E-3,159.99999642E-3,
,,,504.000008106E-3,159.99999642E-3,
,,,508.000016212E-3,159.99999642E-3,
,,,512.000024319E-3,159.99999642E-3,
,,,516.000032425E-3,159.99999642E-3,
,,,520.000040531E-3,159.99999642E-3,
,,,524.000048637E-3,159.99999642E-3,
,,,527.999997139E-3,199.99998808E-3,
,,,532.000005245E-3,199.99998808E-3,
,,,536.000013351E-3,199.99998808E-3,
,,,540.000021458E-3,199.99998808E-3,
,,,544.000029564E-3,199.99998808E-3,
,,,548.000037670E-3,199.99998808E-3,
,,,552.000045776E-3,199.99998808E-3,
,,,556.000053883E-3,239.99999464E-3,
,,,560.000002384E-3,199.99998808E-3,
,,,564.000010490E-3,239.99999464E-3,
,,,568.000018597E-3,239.99999464E-3,
,,,572.000026703E-3,239.99999464E-3,
,,,576.000034809E-3,239.99999464E-3,
,,,580.000042915E-3,239.99999464E-3,
,,,584.000051022E-3,239.99999464E-3,
,,,587.999999523E-3,280.00000119E-3,
,,,592.000007629E-3,239.99999464E-3,
,,,596.000015736E-3,239.99999464E-3,
,,,600.000023842E-3,280.00000119E-3,
,,,604.000031948E-3,280.00000119E-3,
,,,608.000040054E-3,280.00000119E-3,
,,,612.000048161E-3,280.00000119E-3,
,,,616.000056267E-3,280.00000119E-3,
,,,620.000004768E-3,280.00000119E-3,
,,,624.000012875E-3,280.00000119E-3,
,,,628.000020981E-3,280.00000119E-3,
,,,632.000029087E-3,280.00000119E-3,
,,,636.000037193E-3,280.00000119E-3,
,,,640.000045300E-3,280.00000119E-3,
,,,644.000053406E-3,280.00000119E-3,
,,,648.000001907E-3,280.00000119E-3,
,,,652.000010014E-3,280.00000119E-3,
,,,656.000018120E-3,319.99999285E-3,
,,,660.000026226E-3,280.00000119E-3,
,,,664.000034332E-3,319.99999285E-3,
,,,668.000042439E-3,319.99999285E-3,
,,,672.000050545E-3,319.99999285E-3,
,,,676.000058651E-3,280.00000119E-3,
,,,680.000007153E-3,319.99999285E-3,
,,,684.000015259E-3,319.99999285E-3,
,,,688.000023365E-3,319.99999285E-3,
,,,692.000031471E-3,319.99999285E-3,
,,,696.000039577E-3,319.99999285E-3,
,,,700.000047684E-3,280.00000119E-3,
,,,704.000055790E-3,280.00000119E-3,
,,,708.000004292E-3,319.99999285E-3,
,,,712.000012398E-3,319.99999285E-3,
,,,716.000020504E-3,319.99999285E-3,
,,,720.000028610E-3,319.99999285E-3,
,,,724.000036716E-3,319.99999285E-3,
,,,728.000044823E-3,280.00000119E-3,
,,,732.000052929E-3,319.99999285E-3,
,,,736.000061035E-3,280.00000119E-3,
,,,740.000009537E-3,319.99999285E-3,
,,,744.000017643E-3,319.99999285E-3,
,,,748.000025749E-3,280.00000119E-3,
,,,752.000033855E-3,280.00000119E-3,
,,,756.000041962E-3,280.00000119E-3,
,,,760.000050068E-3,280.00000119E-3,
,,,764.000058174E-3,280.00000119E-3,
,,,768.000006676E-3,280.00000119E-3,
,,,772.000014782E-3,280.00000119E-3,
,,,776.000022888E-3,239.99999464E-3,
,,,780.000030994E-3,280.00000119E-3,
,,,784.000039101E-3,280.00000119E-3,
,,,788.000047207E-3,239.99999464E-3,
,,,792.000055313E-3,280.00000119E-3,
,,,796.000063419E-3,280.00000119E-3,
,,,800.000011921E-3,280.00000119E-3,
,,,804.000020027E-3,239.99999464E-3,
,,,808.000028133E-3,239.99999464E-3,
,,,812.000036240E-3,239.99999464E-3,
,,,816.000044346E-3,239.99999464E-3,
,,,820.000052452E-3,239.99999464E-3,
,,,824.000060558E-3,239.99999464E-3,
,,,828.000068665E-3,199.99998808E-3,
,,,832.000017166E-3,239.99999464E-3,
,,,836.000025272E-3,239.99999464E-3,
,,,840.000033379E-3,239.99999464E-3,
,,,844.000041485E-3,239.99999464E-3,
,,,848.000049591E-3,239.99999464E-3,
,,,852.000057697E-3,199.99998808E-3,
,,,856.000065804E-3,199.99998808E-3,
,,,860.000014305E-3,199.99998808E-3,
,,,864.000022411E-3,199.99998808E-3,
,,,868.000030518E-3,199.99998808E-3,
,,,872.000038624E-3,159.99999642E-3,
,,,876.000046730E-3,159.99999642E-3,
,,,880.000054836E-3,159.99999642E-3,
,,,884.000062943E-3,159.99999642E-3,
,,,888.000071049E-3,159.99999642E-3,
,,,892.000019550E-3,159.99999642E-3,
,,,896.000027657E-3,159.99999642E-3,
,,,900.000035763E-3,159.99999642E-3,
,,,904.000043869E-3,159.99999642E-3,
,,,908.000051975E-3,159.99999642E-3,
,,,912.000060081E-3,159.99999642E-3,
,,,916.000068188E-3,159.99999642E-3,
,,,920.000016689E-3,159.99999642E-3,
,,,924.000024796E-3,159.99999642E-3,
,,,928.000032902E-3,119.9999973E-3,
,,,932.000041008E-3,159.99999642E-3,
,,,936.000049114E-3,159.99999642E-3,
,,,940.000057220E-3,119.9999973E-3,
,,,944.000065327E-3,119.9999973E-3,
,,,948.000073433E-3,119.9999973E-3,
,,,952.000021935E-3,119.9999973E-3,
,,,956.000030041E-3,119.9999973E-3,
,,,960.000038147E-3,79.999998212E-3,
,,,964.000046253E-3,119.9999973E-3,
,,,968.000054359E-3,79.999998212E-3,
,,,972.000062466E-3,79.999998212E-3,
,,,976.000070572E-3,79.999998212E-3,
,,,980.000019073E-3,119.9999973E-3,
,,,984.000027180E-3,79.999998212E-3,
,,,988.000035286E-3,79.999998212E-3,
,,,992.000043392E-3,79.999998212E-3,
,,,996.000051498E-3,39.99999911E-3,
,,,1.000000,39.99999911E-3,
,,,1.0040001,0.0,
,,,1.0080000,39.99999911E-3,
,,,1.0120001,39.99999911E-3,
,,,1.0160000,39.99999911E-3,
,,,1.0200001,0.0,
,,,1.0240000,39.99999911E-3,
,,,1.0280000,0.0,
,,,1.0320001,39.99999911E-3,
,,,1.0360000,0.0,
,,,1.0400001,0.0,
,,,1.0440000,39.99999911E-3,
,,,1.0480001,0.0,
,,,1.0520000,0.0,
,,,1.0560000,0.0,
,,,1.0600001,0.0,
,,,1.0640000,-39.99999911E-3,
,,,1.0680001,-39.99999911E-3,
,,,1.0720000,0.0,
,,,1.0760001,-39.99999911E-3,
,,,1.0800000,-79.999998212E-3,
,,,1.0840001,0.0,
,,,1.0880001,-39.99999911E-3,
,,,1.0920000,-39.99999911E-3,
,,,1.0960001,-79.999998212E-3,
,,,1.1000000,-79.999998212E-3,
,,,1.1040001,-39.99999911E-3,
,,,1.1080000,-79.999998212E-3,
,,,1.1120001,-39.99999911E-3,
,,,1.1160001,-39.99999911E-3,
,,,1.1200000,-39.99999911E-3,
,,,1.1240001,-39.99999911E-3,
,,,1.1280000,-79.999998212E-3,
,,,1.1320001,-79.999998212E-3,
,,,1.1360000,-79.999998212E-3,
,,,1.1400001,-119.9999973E-3,
,,,1.1440001,-79.999998212E-3,
,,,1.1480000,-79.999998212E-3,
,,,1.1520001,-119.9999973E-3,
,,,1.1560000,-119.9999973E-3,
,,,1.1600001,-119.9999973E-3,
,,,1.1640000,-119.9999973E-3,
,,,1.1680001,-119.9999973E-3,
,,,1.1720001,-79.999998212E-3,
,,,1.1760000,-119.9999973E-3,
,,,1.1800001,-79.999998212E-3,
,,,1.1840000,-119.9999973E-3,
,,,1.1880001,-119.9999973E-3,
,,,1.1920000,-119.9999973E-3,
,,,1.1960001,-119.9999973E-3,
,,,1.2000000,-119.9999973E-3,
,,,1.2040001,-119.9999973E-3,
,,,1.2080001,-119.9999973E-3,
,,,1.2120000,-119.9999973E-3,
,,,1.2160001,-159.99999642E-3,
,,,1.2200000,-119.9999973E-3,
,,,1.2240001,-119.9999973E-3,
,,,1.2280000,-119.9999973E-3,
,,,1.2320001,-159.99999642E-3,
,,,1.2360001,-119.9999973E-3,
,,,1.2400000,-119.9999973E-3,
,,,1.2440001,-119.9999973E-3,
,,,1.2480000,-159.99999642E-3,
,,,1.2520001,-119.9999973E-3,
,,,1.2560000,-119.9999973E-3,
,,,1.2600001,-159.99999642E-3,
,,,1.2640001,-159.99999642E-3,
,,,1.2680000,-119.9999973E-3,
,,,1.2720001,-119.9999973E-3,
,,,1.2760000,-159.99999642E-3,
,,,1.2800001,-159.99999642E-3,
,,,1.2840000,-119.9999973E-3,
,,,1.2880001,-119.9999973E-3,
,,,1.2920001,-119.9999973E-3,
,,,1.2960000,-119.9999973E-3,
,,,1.3000001,-119.9999973E-3,
,,,1.3040000,-119.9999973E-3,
,,,1.3080001,-159.99999642E-3,
,,,1.3120000,-159.99999642E-3,
,,,1.3160001,-119.9999973E-3,
,,,1.3200001,-119.9999973E-3,
,,,1.3240001,-119.9999973E-3,
,,,1.3280001,-159.99999642E-3,
,,,1.3320000,-119.9999973E-3,
,,,1.3360001,-119.9999973E-3,
,,,1.3400000,-119.9999973E-3,
,,,1.3440001,-159.99999642E-3,
,,,1.3480000,-159.99999642E-3,
,,,1.3520001,-119.9999973E-3,
,,,1.3560001,-119.9999973E-3,
,,,1.3600000,-119.9999973E-3,
,,,1.3640001,-119.9999973E-3,
,,,1.3680000,-119.9999973E-3,
,,,1.3720001,-119.9999973E-3,
,,,1.3760000,-119.9999973E-3,
,,,1.3800001,-119.9999973E-3,
,,,1.3840001,-79.999998212E-3,
,,,1.3880000,-119.9999973E-3,
,,,1.3920001,-119.9999973E-3,
,,,1.3960000,-119.9999973E-3,
,,,1.4000001,-79.999998212E-3,
,,,1.4040000,-79.999998212E-3,
,,,1.4080001,-79.999998212E-3,
,,,1.4120001,-119.9999973E-3,
,,,1.4160000,-119.9999973E-3,
,,,1.4200001,-119.9999973E-3,
,,,1.4240000,-79.999998212E-3,
,,,1.4280001,-119.9999973E-3,
,,,1.4320000,-119.9999973E-3,
,,,1.4360001,-79.999998212E-3,
,,,1.4400001,-79.999998212E-3,
,,,1.4440001,-79.999998212E-3,
,,,1.4480001,-79.999998212E-3,
,,,1.4520000,-79.999998212E-3,
,,,1.4560001,-79.999998212E-3,
,,,1.4600000,-79.999998212E-3,
,,,1.4640001,-79.999998212E-3,
,,,1.4680001,-79.999998212E-3,
,,,1.4720001,-79.999998212E-3,
,,,1.4760001,-79.999998212E-3,
,,,1.4800000,-79.999998212E-3,
,,,1.4840001,-79.999998212E-3,
,,,1.4880000,-79.999998212E-3,
,,,1.4920001,-79.999998212E-3,
,,,1.4960001,-79.999998212E-3,
,,,1.5000001,-79.999998212E-3,
,,,1.5040001,-39.99999911E-3,
,,,1.5080000,-39.99999911E-3,
,,,1.5120001,-79.999998212E-3,
,,,1.5160000,-39.99999911E-3,
,,,1.5200001,-39.99999911E-3,
,,,1.5240000,-79.999998212E-3,
,,,1.5280001,-79.999998212E-3,
,,,1.5320001,-79.999998212E-3,
,,,1.5360000,-39.99999911E-3,
,,,1.5400001,-39.99999911E-3,
,,,1.5440000,-39.99999911E-3,
,,,1.5480001,-39.99999911E-3,
,,,1.5520000,-39.99999911E-3,
,,,1.5560001,-39.99999911E-3,
,,,1.5600001,-39.99999911E-3,
,,,1.5640001,-39.99999911E-3,
,,,1.5680001,-39.99999911E-3,
,,,1.5720000,-39.99999911E-3,
,,,1.5760001,-39.99999911E-3,
,,,1.5800000,-39.99999911E-3,
,,,1.5840001,-39.99999911E-3,
,,,1.5880001,-39.99999911E-3,
,,,1.5920001,-39.99999911E-3,
,,,1.5960001,-39.99999911E-3,
,,,1.6000000,-39.99999911E-3,
,,,1.6040001,0.0,
,,,1.6080000,-39.99999911E-3,
,,,1.6120001,-39.99999911E-3,
,,,1.6160001,-39.99999911E-3,
,,,1.6200001,-39.99999911E-3,
,,,1.6240001,-39.99999911E-3,
,,,1.6280000,-39.99999911E-3,
,,,1.6320001,-39.99999911E-3,
,,,1.6360000,-79.999998212E-3,
,,,1.6400001,0.0,
,,,1.6440001,-39.99999911E-3,
,,,1.6480001,-39.99999911E-3,
,,,1.6520001,-39.99999911E-3,
,,,1.6560001,-39.99999911E-3,
,,,1.6600001,-39.99999911E-3,
,,,1.6640000,-39.99999911E-3,
,,,1.6680001,-39.99999911E-3,
,,,1.6720001,-39.99999911E-3,
,,,1.6760001,-39.99999911E-3,
,,,1.6800001,-39.99999911E-3,
,,,1.6840001,-39.99999911E-3,
,,,1.6880001,-39.99999911E-3,
,,,1.6920000,-39.99999911E-3,
,,,1.6960001,-39.99999911E-3,
,,,1.7000000,-39.99999911E-3,
,,,1.7040001,-39.99999911E-3,
,,,1.7080001,-39.99999911E-3,
,,,1.7120001,-39.99999911E-3,
,,,1.7160001,-39.99999911E-3,
,,,1.7200000,-39.99999911E-3,
,,,1.7240001,-39.99999911E-3,
,,,1.7280000,-39.99999911E-3,
,,,1.7320001,-39.99999911E-3,
,,,1.7360001,-39.99999911E-3,
,,,1.7400001,-39.99999911E-3,
,,,1.7440001,-39.99999911E-3,
,,,1.7480000,-39.99999911E-3,
,,,1.7520001,-79.999998212E-3,
,,,1.7560000,-79.999998212E-3,
,,,1.7600001,-39.99999911E-3,
,,,1.7640001,-39.99999911E-3,
,,,1.7680001,-79.999998212E-3,
,,,1.7720001,-39.99999911E-3,
,,,1.7760001,-79.999998212E-3,
,,,1.7800001,-79.999998212E-3,
,,,1.7840000,-79.999998212E-3,
,,,1.7880001,-79.999998212E-3,
,,,1.7920001,-79.999998212E-3,
,,,1.7960001,-79.999998212E-3,
,,,1.8000001,-79.999998212E-3,
,,,1.8040001,-39.99999911E-3,
,,,1.8080001,-79.999998212E-3,
,,,1.8120000,-79.999998212E-3,
,,,1.8160001,-39.99999911E-3,
,,,1.8200001,-39.99999911E-3,
,,,1.8240001,-79.999998212E-3,
,,,1.8280001,-39.99999911E-3,
,,,1.8320001,-39.99999911E-3,
,,,1.8360001,-79.999998212E-3,
,,,1.8400000,-79.999998212E-3,
,,,1.8440001,-79.999998212E-3,
,,,1.8480000,-39.99999911E-3,
,,,1.8520001,-79.999998212E-3,
,,,1.8560001,-79.999998212E-3,
,,,1.8600001,-79.999998212E-3,
,,,1.8640001,-79.999998212E-3,
,,,1.8680000,-39.99999911E-3,
,,,1.8720001,-79.999998212E-3,
,,,1.8760000,-79.999998212E-3,
,,,1.8800001,-79.999998212E-3,
,,,1.8840001,-79.999998212E-3,
,,,1.8880001,-79.999998212E-3,
,,,1.8920001,-79.999998212E-3,
,,,1.8960001,-79.999998212E-3,
,,,1.9000001,-79.999998212E-3,
,,,1.9040000,-39.99999911E-3,
,,,1.9080001,-39.99999911E-3,
,,,1.9120001,-39.99999911E-3,
,,,1.9160001,-39.99999911E-3,
,,,1.9200001,-39.99999911E-3,
,,,1.9240001,-39.99999911E-3,
,,,1.9280001,-79.999998212E-3,
,,,1.9320000,-79.999998212E-3,
,,,1.9360001,-79.999998212E-3,
,,,1.9400001,-39.99999911E-3,
,,,1.9440001,-79.999998212E-3,
,,,1.9480001,-79.999998212E-3,
,,,1.9520001,-79.999998212E-3,
,,,1.9560001,-79.999998212E-3,
,,,1.9600000,-39.99999911E-3,
,,,1.9640001,-79.999998212E-3,
,,,1.9680001,-79.999998212E-3,
,,,1.9720001,-79.999998212E-3,
,,,1.9760001,-39.99999911E-3,
,,,1.9800001,-79.999998212E-3,
,,,1.9840001,-39.99999911E-3,
,,,1.9880000,-39.99999911E-3,
,,,1.9920001,-79.999998212E-3,
,,,1.9960001,-39.99999911E-3,
,,,2.0000000,-39.99999911E-3,
,,,2.0040002,-39.99999911E-3,
,,,2.0080001,-39.99999911E-3,
,,,2.0120001,-79.999998212E-3,
,,,2.0160000,-39.99999911E-3,
,,,2.0200000,-79.999998212E-3,
,,,2.0240002,-39.99999911E-3,
,,,2.0280001,-39.99999911E-3,
,,,2.0320001,-39.99999911E-3,
,,,2.0360000,-39.99999911E-3,
,,,2.0400002,-39.99999911E-3,
,,,2.0440001,-39.99999911E-3,
,,,2.0480001,-39.99999911E-3,
,,,2.0520000,-39.99999911E-3,
,,,2.0560000,-39.99999911E-3,
,,,2.0600002,-39.99999911E-3,
,,,2.0640001,-39.99999911E-3,
,,,2.0680001,0.0,
,,,2.0720000,-39.99999911E-3,
,,,2.0760002,-39.99999911E-3,
,,,2.0800002,0.0,
,,,2.0840001,0.0,
,,,2.0880001,0.0,
,,,2.0920000,0.0,
,,,2.0960002,0.0,
,,,2.1000001,-39.99999911E-3,
,,,2.1040001,0.0,
,,,2.1080000,0.0,
,,,2.1120000,0.0,
,,,2.1160002,0.0,
,,,2.1200001,-39.99999911E-3,
,,,2.1240001,0.0,
,,,2.1280000,0.0,
,,,2.1320002,0.0,
,,,2.1360002,0.0,
,,,2.1400001,0.0,
,,,2.1440001,0.0,
,,,2.1480000,0.0,
,,,2.1520002,0.0,
,,,2.1560001,-39.99999911E-3,
,,,2.1600001,0.0,
,,,2.1640000,0.0,
,,,2.1680002,0.0,
,,,2.1720002,0.0,
,,,2.1760001,-39.99999911E-3,
,,,2.1800001,0.0,
,,,2.1840000,-39.99999911E-3,
,,,2.1880002,0.0,
,,,2.1920002,0.0,
,,,2.1960001,0.0,
,,,2.2000000,0.0,
,,,2.2040000,0.0,
,,,2.2080002,-39.99999911E-3,
,,,2.2120001,0.0,
,,,2.2160001,-39.99999911E-3,
,,,2.2200000,0.0,
,,,2.2240002,0.0,
,,,2.2280002,0.0,
,,,2.2320001,0.0,
,,,2.2360001,0.0,
,,,2.2400000,0.0,
,,,2.2440002,0.0,
,,,2.2480001,0.0,
,,,2.2520001,0.0,
,,,2.2560000,0.0,
,,,2.2600000,0.0,
,,,2.2640002,0.0,
,,,2.2680001,0.0,
,,,2.2720001,0.0,
,,,2.2760000,0.0,
,,,2.2800002,0.0,
,,,2.2840002,0.0,
,,,2.2880001,0.0,
,,,2.2920001,-39.99999911E-3,
,,,2.2960000,0.0,
,,,2.3000002,0.0,
,,,2.3040001,0.0,
,,,2.3080001,0.0,
,,,2.3120000,0.0,
,,,2.3160002,0.0,
,,,2.3200002,0.0,
,,,2.3240001,0.0,
,,,2.3280001,0.0,
,,,2.3320000,0.0,
,,,2.3360002,0.0,
,,,2.3400002,0.0,
,,,2.3440001,0.0,
,,,2.3480000,0.0,
,,,2.3520000,0.0,
,,,2.3560002,0.0,
,,,2.3600001,0.0,
,,,2.3640001,0.0,
,,,2.3680000,0.0,
,,,2.3720002,39.99999911E-3,
,,,2.3760002,0.0,
,,,2.3800001,0.0,
,,,2.3840001,0.0,
,,,2.3880000,0.0,
,,,2.3920002,0.0,
,,,2.3960001,39.99999911E-3,
,,,2.4000001,0.0,
,,,2.4040000,0.0,
,,,2.4080002,0.0,
,,,2.4120002,0.0,
,,,2.4160001,0.0,
,,,2.4200001,0.0,
,,,2.4240000,0.0,
,,,2.4280002,0.0,
,,,2.4320002,39.99999911E-3,
,,,2.4360001,0.0,
,,,2.4400001,0.0,
,,,2.4440000,0.0,
,,,2.4480002,0.0,
,,,2.4520001,39.99999911E-3,
,,,2.4560001,39.99999911E-3,
,,,2.4600000,0.0,
,,,2.4640002,0.0,
,,,2.4680002,0.0,
,,,2.4720001,39.99999911E-3,
,,,2.4760001,0.0,
,,,2.4800000,0.0,
,,,2.4840002,0.0,
,,,2.4880002,0.0,
,,,2.4920001,0.0,
,,,2.4960001,0.0,
,,,2.5000000,0.0,
,,,2.5040002,0.0,
,,,2.5080001,39.99999911E-3,
,,,2.5120001,39.99999911E-3,
,,,2.5160000,0.0,
,,,2.5200002,0.0,
,,,2.5240002,0.0,
,,,2.5280001,0.0,
,,,2.5320001,39.99999911E-3,
,,,2.5360000,0.0,
,,,2.5400002,39.99999911E-3,
,,,2.5440001,0.0,
,,,2.5480001,0.0,
,,,2.5520000,0.0,
,,,2.5560002,0.0,
,,,2.5600002,0.0,
,,,2.5640001,0.0,
,,,2.5680001,0.0,
,,,2.5720000,39.99999911E-3,
,,,2.5760002,0.0,
,,,2.5800002,39.99999911E-3,
,,,2.5840001,39.99999911E-3,
,,,2.5880001,39.99999911E-3,
,,,2.5920000,0.0,
,,,2.5960002,0.0,
,,,2.6000001,0.0,
,,,2.6040001,39.99999911E-3,
,,,2.6080000,39.99999911E-3,
,,,2.6120002,0.0,
,,,2.6160002,0.0,
,,,2.6200001,0.0,
,,,2.6240001,0.0,
,,,2.6280000,39.99999911E-3,
,,,2.6320002,39.99999911E-3,
,,,2.6360002,39.99999911E-3,
,,,2.6400001,39.99999911E-3,
,,,2.6440001,0.0,
,,,2.6480002,39.99999911E-3,
,,,2.6520002,0.0,
,,,2.6560001,0.0,
,,,2.6600001,0.0,
,,,2.6640000,0.0,
,,,2.6680002,0.0,
,,,2.6720002,0.0,
,,,2.6760001,0.0,
,,,2.6800001,0.0,
,,,2.6840000,39.99999911E-3,
,,,2.6880002,0.0,
,,,2.6920002,39.99999911E-3,
,,,2.6960001,0.0,
,,,2.7000000,39.99999911E-3,
,,,2.7040002,0.0,
,,,2.7080002,0.0,
,,,2.7120001,0.0,
,,,2.7160001,0.0,
,,,2.72000003,0.0,
,,,2.72400022,0.0,
,,,2.72800016,0.0,
,,,2.73200011,0.0,
,,,2.73600006,0.0,
,,,2.74000025,0.0,
,,,2.74400020,0.0,
,,,2.74800014,0.0,
,,,2.75200009,0.0,
,,,2.75600004,0.0,
,,,2.76000023,0.0,
,,,2.76400018,0.0,
,,,2.76800013,0.0,
,,,2.77200007,0.0,
,,,2.77600002,0.0,
,,,2.78000021,0.0,
,,,2.78400016,0.0,
,,,2.78800011,0.0,
,,,2.79200006,0.0,
,,,2.79600024,39.99999911E-3,
,,,2.80000019,0.0,
,,,2.80400014,0.0,
,,,2.80800009,0.0,
,,,2.81200004,0.0,
,,,2.81600022,0.0,
,,,2.82000017,0.0,
,,,2.82400012,0.0,
,,,2.82800007,0.0,
,,,2.83200002,0.0,
,,,2.83600020,0.0,
,,,2.84000015,39.99999911E-3,
,,,2.84400010,0.0,
,,,2.84800005,0.0,
,,,2.85200024,0.0,
,,,2.85600019,0.0,
,,,2.86000013,0.0,
,,,2.86400008,0.0,
,,,2.86800003,0.0,
,,,2.87200022,0.0,
,,,2.87600017,0.0,
,,,2.88000011,0.0,
,,,2.88400006,0.0,
,,,2.88800025,0.0,
,,,2.89200020,0.0,
,,,2.89600015,0.0,
,,,2.90000010,0.0,
,,,2.90400004,0.0,
,,,2.90800023,0.0,
,,,2.91200018,39.99999911E-3,
,,,2.91600013,0.0,
,,,2.92000008,0.0,
,,,2.92400002,39.99999911E-3,
,,,2.92800021,0.0,
,,,2.93200016,0.0,
,,,2.93600011,0.0,
,,,2.94000006,0.0,
,,,2.94400024,0.0,
,,,2.94800019,39.99999911E-3,
,,,2.95200014,0.0,
,,,2.95600009,0.0,
,,,2.96000004,39.99999911E-3,
,,,2.96400023,39.99999911E-3,
,,,2.96800017,0.0,
,,,2.97200012,0.0,
,,,2.97600007,39.99999911E-3,
,,,2.98000026,0.0,
,,,2.98400021,0.0,
,,,2.98800015,39.99999911E-3,
,,,2.99200010,0.0,
,,,2.99600005,39.99999911E-3,
,,,3.00000024,0.0,
,,,3.00400019,39.99999911E-3,
,,,3.00800014,0.0,
,,,3.01200008,39.99999911E-3,
,,,3.01600003,0.0,
,,,3.02000022,39.99999911E-3,
,,,3.02400017,39.99999911E-3,
,,,3.02800012,39.99999911E-3,
,,,3.03200006,39.99999911E-3,
,,,3.03600025,39.99999911E-3,
,,,3.04000020,39.99999911E-3,
,,,3.04400015,39.99999911E-3,
,,,3.04800010,39.99999911E-3,
,,,3.05200005,0.0,
,,,3.05600023,39.99999911E-3,
,,,3.06000018,39.99999911E-3,
,,,3.06400013,39.99999911E-3,
,,,3.06800008,0.0,
,,,3.07200003,39.99999911E-3,
,,,3.07600021,39.99999911E-3,
,,,3.08000016,39.99999911E-3,
,,,3.08400011,39.99999911E-3,
,,,3.08800006,0.0,
,,,3.09200025,39.99999911E-3,
,,,3.09600019,39.99999911E-3,
,,,3.10000014,39.99999911E-3,
,,,3.10400009,39.99999911E-3,
,,,3.10800004,79.999998212E-3,
,,,3.11200023,39.99999911E-3,
,,,3.11600018,39.99999911E-3,
,,,3.12000012,39.99999911E-3,
,,,3.12400007,79.999998212E-3,
,,,3.12800026,39.99999911E-3,
,,,3.13200021,39.99999911E-3,
,,,3.13600016,39.99999911E-3,
,,,3.14000010,39.99999911E-3,
,,,3.14400005,39.99999911E-3,
,,,3.14800024,39.99999911E-3,
,,,3.15200019,39.99999911E-3,
,,,3.15600014,39.99999911E-3,
,,,3.16000009,39.99999911E-3,
,,,3.16400003,39.99999911E-3,
,,,3.16800022,39.99999911E-3,
,,,3.17200017,39.99999911E-3,
,,,3.17600012,39.99999911E-3,
,,,3.18000007,39.99999911E-3,
,,,3.18400025,39.99999911E-3,
,,,3.18800020,39.99999911E-3,
,,,3.19200015,39.99999911E-3,
,,,3.19600010,39.99999911E-3,
,,,3.20000005,79.999998212E-3,
,,,3.20400023,39.99999911E-3,
,,,3.20800018,39.99999911E-3,
,,,3.21200013,39.99999911E-3,
,,,3.21600008,39.99999911E-3,
,,,3.22000027,39.99999911E-3,
,,,3.22400022,79.999998212E-3,
,,,3.22800016,79.999998212E-3,
,,,3.23200011,39.99999911E-3,
,,,3.23600006,79.999998212E-3,
,,,3.24000025,39.99999911E-3,
,,,3.24400020,39.99999911E-3,
,,,3.24800014,39.99999911E-3,
,,,3.25200009,39.99999911E-3,
,,,3.25600004,39.99999911E-3,
,,,3.26000023,39.99999911E-3,
,,,3.26400018,39.99999911E-3,
,,,3.26800013,39.99999911E-3,
,,,3.27200007,39.99999911E-3,
,,,3.27600026,39.99999911E-3,
,,,3.28000021,79.999998212E-3,
,,,3.28400016,39.99999911E-3,
,,,3.28800011,39.99999911E-3,
,,,3.29200006,39.99999911E-3,
,,,3.29600024,79.999998212E-3,
,,,3.30000019,39.99999911E-3,
,,,3.30400014,39.99999911E-3,
,,,3.30800009,39.99999911E-3,
,,,3.31200027,39.99999911E-3,
,,,3.31600022,39.99999911E-3,
,,,3.32000017,39.99999911E-3,
,,,3.32400012,39.99999911E-3,
,,,3.32800007,39.99999911E-3,
,,,3.33200026,39.99999911E-3,
,,,3.33600020,39.99999911E-3,
,,,3.34000015,79.999998212E-3,
,,,3.34400010,39.99999911E-3,
,,,3.34800005,39.99999911E-3,
,,,3.35200024,39.99999911E-3,
,,,3.35600019,39.99999911E-3,
,,,3.36000013,79.999998212E-3,
,,,3.36400008,39.99999911E-3,
,,,3.36800027,39.99999911E-3,
,,,3.37200022,79.999998212E-3,
,,,3.37600017,39.99999911E-3,
,,,3.38000011,39.99999911E-3,
,,,3.38400006,39.99999911E-3,
,,,3.38800025,39.99999911E-3,
,,,3.39200020,39.99999911E-3,
,,,3.39600015,39.99999911E-3,
,,,3.40000010,39.99999911E-3,
,,,3.40400004,39.99999911E-3,
,,,3.40800023,39.99999911E-3,
,,,3.41200018,39.99999911E-3,
,,,3.41600013,39.99999911E-3,
,,,3.42000008,39.99999911E-3,
,,,3.42400026,39.99999911E-3,
,,,3.42800021,79.999998212E-3,
,,,3.43200016,39.99999911E-3,
,,,3.43600011,39.99999911E-3,
,,,3.44000006,39.99999911E-3,
,,,3.44400024,39.99999911E-3,
,,,3.44800019,39.99999911E-3,
,,,3.45200014,39.99999911E-3,
,,,3.45600009,39.99999911E-3,
,,,3.46000028,39.99999911E-3,
,,,3.46400023,39.99999911E-3,
,,,3.46800017,39.99999911E-3,
,,,3.47200012,39.99999911E-3,
,,,3.47600007,39.99999911E-3,
,,,3.48000026,39.99999911E-3,
,,,3.48400021,39.99999911E-3,
,,,3.48800015,39.99999911E-3,
,,,3.49200010,39.99999911E-3,
,,,3.49600005,39.99999911E-3,
,,,3.50000024,39.99999911E-3,
,,,3.50400019,39.99999911E-3,
,,,3.50800014,39.99999911E-3,
,,,3.51200008,39.99999911E-3,
,,,3.51600027,39.99999911E-3,
,,,3.52000022,39.99999911E-3,
,,,3.52400017,39.99999911E-3,
,,,3.52800012,39.99999911E-3,
,,,3.53200006,0.0,
,,,3.53600025,39.99999911E-3,
,,,3.54000020,39.99999911E-3,
,,,3.54400015,39.99999911E-3,
,,,3.54800010,0.0,
,,,3.55200028,39.99999911E-3,
,,,3.55600023,39.99999911E-3,
,,,3.56000018,39.99999911E-3,
,,,3.56400013,0.0,
,,,3.56800008,39.99999911E-3,
,,,3.57200027,39.99999911E-3,
,,,3.57600021,39.99999911E-3,
,,,3.58000016,0.0,
,,,3.58400011,39.99999911E-3,
,,,3.58800006,39.99999911E-3,
,,,3.59200025,39.99999911E-3,
,,,3.59600019,39.99999911E-3,
,,,3.60000014,39.99999911E-3,
,,,3.60400009,39.99999911E-3,
,,,3.60800028,39.99999911E-3,
,,,3.61200023,39.99999911E-3,
,,,3.61600018,39.99999911E-3,
,,,3.62000012,39.99999911E-3,
,,,3.62400007,39.99999911E-3,
,,,3.62800026,0.0,
,,,3.63200021,39.99999911E-3,
,,,3.63600016,39.99999911E-3,
,,,3.64000010,39.99999911E-3,
,,,3.64400029,0.0,
,,,3.64800024,39.99999911E-3,
,,,3.65200019,39.99999911E-3,
,,,3.65600014,39.99999911E-3,
,,,3.66000009,39.99999911E-3,
,,,3.66400027,0.0,
,,,3.66800022,39.99999911E-3,
,,,3.67200017,39.99999911E-3,
,,,3.67600012,39.99999911E-3,
,,,3.68000007,39.99999911E-3,
,,,3.68400025,79.999998212E-3,
,,,3.68800020,0.0,
,,,3.69200015,39.99999911E-3,
,,,3.69600010,39.99999911E-3,
,,,3.70000029,39.99999911E-3,
,,,3.70400023,39.99999911E-3,
,,,3.70800018,79.999998212E-3,
,,,3.71200013,79.999998212E-3,
,,,3.71600008,79.999998212E-3,
,,,3.72000027,79.999998212E-3,
,,,3.72400022,79.999998212E-3,
,,,3.72800016,119.9999973E-3,
,,,3.73200011,119.9999973E-3,
,,,3.73600006,119.9999973E-3,
,,,3.74000025,119.9999973E-3,
,,,3.74400020,119.9999973E-3,
,,,3.74800014,119.9999973E-3,
,,,3.75200009,159.99999642E-3,
,,,3.75600028,159.99999642E-3,
,,,3.76000023,159.99999642E-3,
,,,3.76400018,159.99999642E-3,
,,,3.76800013,159.99999642E-3,
,,,3.77200007,199.99998808E-3,
,,,3.77600026,199.99998808E-3,
,,,3.78000021,199.99998808E-3,
,,,3.78400016,239.99999464E-3,
,,,3.78800011,239.99999464E-3,
,,,3.79200029,280.00000119E-3,
,,,3.79600024,319.99999285E-3,
,,,3.80000019,319.99999285E-3,
,,,3.80400014,319.99999285E-3,
,,,3.80800009,359.99998450E-3,
,,,3.81200027,359.99998450E-3,
,,,3.81600022,399.99997616E-3,
,,,3.82000017,399.99997616E-3,
,,,3.82400012,439.999997616E-3,
,,,3.82800007,479.999989271E-3,
,,,3.83200026,479.999989271E-3,
,,,3.83600020,479.999989271E-3,
,,,3.84000015,519.999980927E-3,
,,,3.84400010,560.000002384E-3,
,,,3.84800029,560.000002384E-3,
,,,3.85200024,639.999985695E-3,
,,,3.85600019,639.999985695E-3,
,,,3.86000013,680.000007153E-3,
,,,3.86400008,719.999969006E-3,
,,,3.86800027,719.999969006E-3,
,,,3.87200022,759.999990463E-3,
,,,3.87600017,799.999952316E-3,
,,,3.88000011,799.999952316E-3,
,,,3.88400030,879.999995232E-3,
,,,3.88800025,879.999995232E-3,
,,,3.89200020,879.999995232E-3,
,,,3.89600015,959.999978542E-3,
,,,3.90000010,959.999978542E-3,
,,,3.90400028,959.999978542E-3,
,,,3.90800023,1.0400000,
,,,3.91200018,1.0400000,
,,,3.91600013,1.0799999,
,,,3.92000008,1.1200000,
,,,3.92400026,1.1600000,
,,,3.92800021,1.1999999,
,,,3.93200016,1.1999999,
,,,3.93600011,1.2800000,
,,,3.94000030,1.3199999,
,,,3.94400024,1.3199999,
,,,3.94800019,1.3600000,
,,,3.95200014,1.4000000,
,,,3.95600009,1.4399999,
,,,3.96000028,1.4800000,
,,,3.96400023,1.5200000,
,,,3.96800017,1.5599999,
,,,3.97200012,1.5999999,
,,,3.97600007,1.5999999,
,,,3.98000026,1.6400000,
,,,3.98400021,1.6799999,
,,,3.98800015,1.6799999,
,,,3.99200010,1.7199999,
,,,3.99600029,1.7600000,
,,,4.00000000,1.7600000,
,,,4.00400019,1.8000000,
,,,4.00800037,1.8399999,
,,,4.01200008,1.8399999,
,,,4.01600027,1.8800000,
,,,4.01999998,1.8800000,
,,,4.02400017,1.9200000,
,,,4.02800035,1.9200000,
,,,4.03200006,1.9599999,
,,,4.03600025,2.0000000,
,,,4.03999996,2.0000000,
,,,4.04400015,2.0400000,
,,,4.04800034,2.0400000,
,,,4.05200005,2.0400000,
,,,4.05600023,2.0799999,
,,,4.06000042,2.0799999,
,,,4.06400013,2.1199999,
,,,4.06800032,2.0799999,
,,,4.07200003,2.0799999,
,,,4.07600021,2.1199999,
,,,4.08000040,2.1199999,
,,,4.08400011,2.1199999,
,,,4.08800030,2.1599998,
,,,4.09200001,2.1199999,
,,,4.09600019,2.1199999,
,,,4.10000038,2.1599998,
,,,4.10400009,2.1199999,
,,,4.10800028,2.1599998,
,,,4.11199999,2.1599998,
,,,4.11600018,2.1599998,
,,,4.12000036,2.1599998,
,,,4.12400007,2.1599998,
,,,4.12800026,2.1599998,
,,,4.13199997,2.1199999,
,,,4.13600016,2.1199999,
,,,4.14000034,2.1199999,
,,,4.14400005,2.1199999,
,,,4.14800024,2.1199999,
,,,4.15200043,2.0799999,
,,,4.15600014,2.0799999,
,,,4.16000032,2.0799999,
,,,4.16400003,2.0799999,
,,,4.16800022,2.0400000,
,,,4.17200041,2.0000000,
,,,4.17600012,2.0000000,
,,,4.18000031,2.0000000,
,,,4.18400002,2.0000000,
,,,4.18800020,1.9599999,
,,,4.19200039,1.9599999,
,,,4.19600010,1.9200000,
,,,4.20000029,1.8800000,
,,,4.20400000,1.8800000,
,,,4.20800018,1.8800000,
,,,4.21200037,1.8399999,
,,,4.21600008,1.8000000,
,,,4.22000027,1.8000000,
,,,4.22399998,1.8000000,
,,,4.22800016,1.7600000,
,,,4.23200035,1.7199999,
,,,4.23600006,1.6799999,
,,,4.24000025,1.6400000,
,,,4.24400043,1.6799999,
,,,4.24800014,1.6400000,
,,,4.25200033,1.5999999,
,,,4.25600004,1.5599999,
,,,4.26000023,1.5599999,
,,,4.26400042,1.4800000,
,,,4.26800013,1.4800000,
,,,4.27200031,1.4399999,
,,,4.27600002,1.4000000,
,,,4.28000021,1.3600000,
,,,4.28400040,1.3600000,
,,,4.28800011,1.3199999,
,,,4.29200029,1.2800000,
,,,4.29600000,1.2400000,
,,,4.30000019,1.1999999,
,,,4.30400038,1.1999999,
,,,4.30800009,1.1600000,
,,,4.31200027,1.1200000,
,,,4.31599998,1.0799999,
,,,4.32000017,1.0799999,
,,,4.32400036,1.000000,
,,,4.32800007,959.999978542E-3,
,,,4.33200026,959.999978542E-3,
,,,4.33600044,919.999957085E-3,
,,,4.34000015,879.999995232E-3,
,,,4.34400034,839.999973774E-3,
,,,4.34800005,839.999973774E-3,
,,,4.35200024,759.999990463E-3,
,,,4.35600042,759.999990463E-3,
,,,4.36000013,719.999969006E-3,
,,,4.36400032,639.999985695E-3,
,,,4.36800003,639.999985695E-3,
,,,4.37200022,599.999964237E-3,
,,,4.37600040,560.000002384E-3,
,,,4.38000011,519.999980927E-3,
,,,4.38400030,479.999989271E-3,
,,,4.38800001,439.999997616E-3,
,,,4.39200020,399.99997616E-3,
,,,4.39600039,359.99998450E-3,
,,,4.40000010,319.99999285E-3,
,,,4.40400028,319.99999285E-3,
,,,4.40799999,280.00000119E-3,
,,,4.41200018,239.99999464E-3,
,,,4.41600037,199.99998808E-3,
,,,4.42000008,159.99999642E-3,
,,,4.42400026,159.99999642E-3,
,,,4.42799997,119.9999973E-3,
,,,4.43200016,79.999998212E-3,
,,,4.43600035,39.99999911E-3,
,,,4.44000006,0.0,
,,,4.44400024,-39.99999911E-3,
,,,4.44800043,-39.99999911E-3,
,,,4.45200014,-79.999998212E-3,
,,,4.45600033,-119.9999973E-3,
,,,4.46000004,-159.99999642E-3,
,,,4.46400023,-159.99999642E-3,
,,,4.46800041,-239.99999464E-3,
,,,4.47200012,-239.99999464E-3,
,,,4.47600031,-280.00000119E-3,
,,,4.48000002,-319.99999285E-3,
,,,4.48400021,-319.99999285E-3,
,,,4.48800039,-359.99998450E-3,
,,,4.49200010,-399.99997616E-3,
,,,4.49600029,-439.999997616E-3,
,,,4.50000000,-439.999997616E-3,
,,,4.50400019,-479.999989271E-3,
,,,4.50800037,-519.999980927E-3,
,,,4.51200008,-560.000002384E-3,
,,,4.51600027,-560.000002384E-3,
,,,4.51999998,-599.999964237E-3,
,,,4.52400017,-599.999964237E-3,
,,,4.52800035,-639.999985695E-3,
,,,4.53200006,-680.000007153E-3,
,,,4.53600025,-680.000007153E-3,
,,,4.54000044,-719.999969006E-3,
,,,4.54400015,-719.999969006E-3,
,,,4.54800034,-759.999990463E-3,
,,,4.55200005,-759.999990463E-3,
,,,4.55600023,-759.999990463E-3,
,,,4.56000042,-799.999952316E-3,
,,,4.56400013,-839.999973774E-3,
,,,4.56800032,-839.999973774E-3,
,,,4.57200003,-879.999995232E-3,
,,,4.57600021,-879.999995232E-3,
,,,4.58000040,-919.999957085E-3,
,,,4.58400011,-919.999957085E-3,
,,,4.58800030,-959.999978542E-3,
,,,4.59200001,-959.999978542E-3,
,,,4.59600019,-1.000000,
,,,4.60000038,-959.999978542E-3,
,,,4.60400009,-1.000000,
,,,4.60800028,-1.0400000,
,,,4.61199999,-1.0400000,
,,,4.61600018,-1.0400000,
,,,4.62000036,-1.0400000,
,,,4.62400007,-1.0400000,
,,,4.62800026,-1.0799999,
,,,4.63200045,-1.0799999,
,,,4.63600016,-1.0799999,
,,,4.64000034,-1.0799999,
,,,4.64400005,-1.1200000,
,,,4.64800024,-1.1200000,
,,,4.65200043,-1.1200000,
,,,4.65600014,-1.1200000,
,,,4.66000032,-1.1200000,
,,,4.66400003,-1.1600000,
,,,4.66800022,-1.1600000,
,,,4.67200041,-1.1600000,
,,,4.67600012,-1.1600000,
,,,4.68000031,-1.1200000,
,,,4.68400002,-1.1600000,
,,,4.68800020,-1.1600000,
,,,4.69200039,-1.1600000,
,,,4.69600010,-1.1600000,
,,,4.70000029,-1.1600000,
,,,4.70400000,-1.1600000,
,,,4.70800018,-1.1600000,
,,,4.71200037,-1.1600000,
,,,4.71600008,-1.1600000,
,,,4.72000027,-1.1600000,
,,,4.72400045,-1.1600000,
,,,4.72800016,-1.1600000,
,,,4.73200035,-1.1200000,
,,,4.73600006,-1.1200000,
,,,4.74000025,-1.1200000,
,,,4.74400043,-1.1200000,
,,,4.74800014,-1.1200000,
,,,4.75200033,-1.1200000,
,,,4.75600004,-1.0799999,
,,,4.76000023,-1.0799999,
,,,4.76400042,-1.1200000,
,,,4.76800013,-1.0799999,
,,,4.77200031,-1.0799999,
,,,4.77600002,-1.0799999,
,,,4.78000021,-1.0799999,
,,,4.78400040,-1.0400000,
,,,4.78800011,-1.000000,
,,,4.79200029,-1.000000,
,,,4.79600000,-1.000000,
,,,4.80000019,-1.000000,
,,,4.80400038,-1.000000,
,,,4.80800009,-959.999978542E-3,
,,,4.81200027,-959.999978542E-3,
,,,4.81600046,-919.999957085E-3,
,,,4.82000017,-919.999957085E-3,
,,,4.82400036,-919.999957085E-3,
,,,4.82800007,-879.999995232E-3,
,,,4.83200026,-839.999973774E-3,
,,,4.83600044,-839.999973774E-3,
,,,4.84000015,-839.999973774E-3,
,,,4.84400034,-839.999973774E-3,
,,,4.84800005,-839.999973774E-3,
,,,4.85200024,-799.999952316E-3,
,,,4.85600042,-759.999990463E-3,
,,,4.86000013,-759.999990463E-3,
,,,4.86400032,-759.999990463E-3,
,,,4.86800003,-719.999969006E-3,
,,,4.87200022,-719.999969006E-3,
,,,4.87600040,-719.999969006E-3,
,,,4.88000011,-680.000007153E-3,
,,,4.88400030,-680.000007153E-3,
,,,4.88800001,-639.999985695E-3,
,,,4.89200020,-639.999985695E-3,
,,,4.89600039,-599.999964237E-3,
,,,4.90000010,-599.999964237E-3,
,,,4.90400028,-560.000002384E-3,
,,,4.90800047,-560.000002384E-3,
,,,4.91200018,-560.000002384E-3,
,,,4.91600037,-519.999980927E-3,
,,,4.92000008,-479.999989271E-3,
,,,4.92400026,-479.999989271E-3,
,,,4.92800045,-439.999997616E-3,
,,,4.93200016,-479.999989271E-3,
,,,4.93600035,-399.99997616E-3,
,,,4.94000006,-399.99997616E-3,
,,,4.94400024,-359.99998450E-3,
,,,4.94800043,-359.99998450E-3,
,,,4.95200014,-359.99998450E-3,
,,,4.95600033,-319.99999285E-3,
,,,4.96000004,-280.00000119E-3,
,,,4.96400023,-280.00000119E-3,
,,,4.96800041,-239.99999464E-3,
,,,4.97200012,-239.99999464E-3,
,,,4.97600031,-199.99998808E-3,
,,,4.98000002,-159.99999642E-3,
,,,4.98400021,-199.99998808E-3,
,,,4.98800039,-119.9999973E-3,
,,,4.99200010,-119.9999973E-3,
,,,4.99600029,-159.99999642E-3,
,,,5.00000000,-79.999998212E-3,
,,,5.00400019,-79.999998212E-3,
,,,5.00800037,-79.999998212E-3,
,,,5.01200008,-39.99999911E-3,
,,,5.01600027,-39.99999911E-3,
,,,5.02000046,0.0,
,,,5.02400017,0.0,
,,,5.02800035,39.99999911E-3,
,,,5.03200006,39.99999911E-3,
,,,5.03600025,79.999998212E-3,
,,,5.04000044,119.9999973E-3,
,,,5.04400015,119.9999973E-3,
,,,5.04800034,119.9999973E-3,
,,,5.05200005,159.99999642E-3,
,,,5.05600023,159.99999642E-3,
,,,5.06000042,199.99998808E-3,
,,,5.06400013,159.99999642E-3,
,,,5.06800032,199.99998808E-3,
,,,5.07200003,199.99998808E-3,
,,,5.07600021,199.99998808E-3,
,,,5.08000040,239.99999464E-3,
,,,5.08400011,239.99999464E-3,
,,,5.08800030,280.00000119E-3,
,,,5.09200001,280.00000119E-3,
,,,5.09600019,319.99999285E-3,
,,,5.10000038,319.99999285E-3,
,,,5.10400009,319.99999285E-3,
,,,5.10800028,319.99999285E-3,
,,,5.11200047,359.99998450E-3,
,,,5.11600018,359.99998450E-3,
,,,5.12000036,399.99997616E-3,
,,,5.12400007,399.99997616E-3,
,,,5.12800026,399.99997616E-3,
,,,5.13200045,439.999997616E-3,
,,,5.13600016,439.999997616E-3,
,,,5.14000034,479.999989271E-3,
,,,5.14400005,439.999997616E-3,
,,,5.14800024,479.999989271E-3,
,,,5.15200043,479.999989271E-3,
,,,5.15600014,519.999980927E-3,
,,,5.16000032,519.999980927E-3,
,,,5.16400003,519.999980927E-3,
,,,5.16800022,519.999980927E-3,
,,,5.17200041,519.999980927E-3,
,,,5.17600012,519.999980927E-3,
,,,5.18000031,519.999980927E-3,
,,,5.18400002,560.000002384E-3,
,,,5.18800020,519.999980927E-3,
,,,5.19200039,560.000002384E-3,
,,,5.19600010,560.000002384E-3,
,,,5.20000029,599.999964237E-3,
,,,5.20400047,639.999985695E-3,
,,,5.20800018,599.999964237E-3,
,,,5.21200037,599.999964237E-3,
,,,5.21600008,639.999985695E-3,
,,,5.22000027,639.999985695E-3,
,,,5.22400045,639.999985695E-3,
,,,5.22800016,639.999985695E-3,
,,,5.23200035,639.999985695E-3,
,,,5.23600006,639.999985695E-3,
,,,5.24000025,639.999985695E-3,
,,,5.24400043,639.999985695E-3,
,,,5.24800014,639.999985695E-3,
,,,5.25200033,639.999985695E-3,
,,,5.25600004,639.999985695E-3,
,,,5.26000023,639.999985695E-3,
,,,5.26400042,680.000007153E-3,
,,,5.26800013,639.999985695E-3,
,,,5.27200031,639.999985695E-3,
,,,5.27600002,639.999985695E-3,
,,,5.28000021,680.000007153E-3,
,,,5.28400040,680.000007153E-3,
,,,5.28800011,680.000007153E-3,
,,,5.29200029,639.999985695E-3,
,,,5.29600048,639.999985695E-3,
,,,5.30000019,680.000007153E-3,
,,,5.30400038,639.999985695E-3,
,,,5.30800009,680.000007153E-3,
,,,5.31200027,639.999985695E-3,
,,,5.31600046,680.000007153E-3,
,,,5.32000017,639.999985695E-3,
,,,5.32400036,639.999985695E-3,
,,,5.32800007,639.999985695E-3,
,,,5.33200026,639.999985695E-3,
,,,5.33600044,680.000007153E-3,
,,,5.34000015,639.999985695E-3,
,,,5.34400034,639.999985695E-3,
,,,5.34800005,599.999964237E-3,
,,,5.35200024,599.999964237E-3,
,,,5.35600042,599.999964237E-3,
,,,5.36000013,599.999964237E-3,
,,,5.36400032,599.999964237E-3,
,,,5.36800003,599.999964237E-3,
,,,5.37200022,599.999964237E-3,
,,,5.37600040,599.999964237E-3,
,,,5.38000011,560.000002384E-3,
,,,5.38400030,560.000002384E-3,
,,,5.38800049,560.000002384E-3,
,,,5.39200020,560.000002384E-3,
,,,5.39600039,560.000002384E-3,
,,,5.40000010,519.999980927E-3,
,,,5.40400028,519.999980927E-3,
,,,5.40800047,519.999980927E-3,
,,,5.41200018,519.999980927E-3,
,,,5.41600037,519.999980927E-3,
,,,5.42000008,519.999980927E-3,
,,,5.42400026,519.999980927E-3,
,,,5.42800045,479.999989271E-3,
,,,5.43200016,479.999989271E-3,
,,,5.43600035,479.999989271E-3,
,,,5.44000006,439.999997616E-3,
,,,5.44400024,439.999997616E-3,
,,,5.44800043,439.999997616E-3,
,,,5.45200014,439.999997616E-3,
,,,5.45600033,439.999997616E-3,
,,,5.46000004,439.999997616E-3,
,,,5.46400023,439.999997616E-3,
,,,5.46800041,399.99997616E-3,
,,,5.47200012,359.99998450E-3,
,,,5.47600031,359.99998450E-3,
,,,5.48000050,359.99998450E-3,
,,,5.48400021,359.99998450E-3,
,,,5.48800039,359.99998450E-3,
,,,5.49200010,359.99998450E-3,
,,,5.49600029,319.99999285E-3,
,,,5.50000048,319.99999285E-3,
,,,5.50400019,319.99999285E-3,
,,,5.50800037,280.00000119E-3,
,,,5.51200008,280.00000119E-3,
,,,5.51600027,280.00000119E-3,
,,,5.52000046,239.99999464E-3,
,,,5.52400017,239.99999464E-3,
,,,5.52800035,239.99999464E-3,
,,,5.53200006,239.99999464E-3,
,,,5.53600025,199.99998808E-3,
,,,5.54000044,199.99998808E-3,
,,,5.54400015,199.99998808E-3,
,,,5.54800034,159.99999642E-3,
,,,5.55200005,159.99999642E-3,
,,,5.55600023,159.99999642E-3,
,,,5.56000042,159.99999642E-3,
,,,5.56400013,159.99999642E-3,
,,,5.56800032,159.99999642E-3,
,,,5.57200003,159.99999642E-3,
,,,5.57600021,119.9999973E-3,
,,,5.58000040,119.9999973E-3,
,,,5.58400011,79.999998212E-3,
,,,5.58800030,119.9999973E-3,
,,,5.59200048,79.999998212E-3,
,,,5.59600019,79.999998212E-3,
,,,5.60000038,79.999998212E-3,
,,,5.60400009,79.999998212E-3,
,,,5.60800028,39.99999911E-3,
,,,5.61200047,39.99999911E-3,
,,,5.61600018,0.0,
,,,5.62000036,0.0,
,,,5.62400007,0.0,
,,,5.62800026,0.0,
,,,5.63200045,0.0,
,,,5.63600016,-39.99999911E-3,
,,,5.64000034,-39.99999911E-3,
,,,5.64400005,-39.99999911E-3,
,,,5.64800024,-79.999998212E-3,
,,,5.65200043,-39.99999911E-3,
,,,5.65600014,-79.999998212E-3,
,,,5.66000032,-79.999998212E-3,
,,,5.66400003,-79.999998212E-3,
,,,5.66800022,-79.999998212E-3,
,,,5.67200041,-119.9999973E-3,
,,,5.67600012,-119.9999973E-3,
,,,5.68000031,-119.9999973E-3,
,,,5.68400049,-119.9999973E-3,
,,,5.68800020,-159.99999642E-3,
,,,5.69200039,-159.99999642E-3,
,,,5.69600010,-159.99999642E-3,
,,,5.70000029,-159.99999642E-3,
,,,5.70400047,-159.99999642E-3,
,,,5.70800018,-159.99999642E-3,
,,,5.71200037,-199.99998808E-3,
,,,5.71600008,-199.99998808E-3,
,,,5.72000027,-159.99999642E-3,
,,,5.72400045,-199.99998808E-3,
,,,5.72800016,-239.99999464E-3,
,,,5.73200035,-239.99999464E-3,
,,,5.73600006,-239.99999464E-3,
,,,5.74000025,-239.99999464E-3,
,,,5.74400043,-239.99999464E-3,
,,,5.74800014,-239.99999464E-3,
,,,5.75200033,-239.99999464E-3,
,,,5.75600004,-239.99999464E-3,
,,,5.76000023,-239.99999464E-3,
,,,5.76400042,-239.99999464E-3,
,,,5.76800013,-280.00000119E-3,
,,,5.77200031,-280.00000119E-3,
,,,5.77600050,-280.00000119E-3,
,,,5.78000021,-280.00000119E-3,
,,,5.78400040,-280.00000119E-3,
,,,5.78800011,-280.00000119E-3,
,,,5.79200029,-280.00000119E-3,
,,,5.79600048,-280.00000119E-3,
,,,5.80000019,-280.00000119E-3,
,,,5.80400038,-319.99999285E-3,
,,,5.80800009,-319.99999285E-3,
,,,5.81200027,-319.99999285E-3,
,,,5.81600046,-319.99999285E-3,
,,,5.82000017,-319.99999285E-3,
,,,5.82400036,-319.99999285E-3,
,,,5.82800007,-319.99999285E-3,
,,,5.83200026,-319.99999285E-3,
,,,5.83600044,-319.99999285E-3,
,,,5.84000015,-319.99999285E-3,
,,,5.84400034,-319.99999285E-3,
,,,5.84800005,-319.99999285E-3,
,,,5.85200024,-319.99999285E-3,
,,,5.85600042,-319.99999285E-3,
,,,5.86000013,-359.99998450E-3,
,,,5.86400032,-319.99999285E-3,
,,,5.86800051,-319.99999285E-3,
,,,5.87200022,-280.00000119E-3,
,,,5.87600040,-319.99999285E-3,
,,,5.88000011,-319.99999285E-3,
,,,5.88400030,-319.99999285E-3,
,,,5.88800049,-319.99999285E-3,
,,,5.89200020,-319.99999285E-3,
,,,5.89600039,-319.99999285E-3,
,,,5.90000010,-319.99999285E-3,
,,,5.90400028,-319.99999285E-3,
,,,5.90800047,-319.99999285E-3,
,,,5.91200018,-319.99999285E-3,
,,,5.91600037,-319.99999285E-3,
,,,5.92000008,-319.99999285E-3,
,,,5.92400026,-319.99999285E-3,
,,,5.92800045,-319.99999285E-3,
,,,5.93200016,-319.99999285E-3,
,,,5.93600035,-319.99999285E-3,
,,,5.94000006,-319.99999285E-3,
,,,5.94400024,-280.00000119E-3,
,,,5.94800043,-319.99999285E-3,
,,,5.95200014,-319.99999285E-3,
,,,5.95600033,-319.99999285E-3,
,,,5.96000051,-280.00000119E-3,
,,,5.96400023,-280.00000119E-3,
,,,5.96800041,-280.00000119E-3,
,,,5.97200012,-280.00000119E-3,
,,,5.97600031,-280.00000119E-3,
,,,5.98000050,-280.00000119E-3,
,,,5.98400021,-280.00000119E-3,
,,,5.98800039,-280.00000119E-3,
,,,5.99200010,-239.99999464E-3,
,,,5.99600029,-280.00000119E-3,
,,,6.00000048,-239.99999464E-3,
,,,6.00400019,-239.99999464E-3,
,,,6.00800037,-239.99999464E-3,
,,,6.01200008,-239.99999464E-3,
,,,6.01600027,-239.99999464E-3,
,,,6.02000046,-239.99999464E-3,
,,,6.02400017,-239.99999464E-3,
,,,6.02800035,-239.99999464E-3,
,,,6.03200006,-239.99999464E-3,
,,,6.03600025,-199.99998808E-3,
,,,6.04000044,-199.99998808E-3,
,,,6.04400015,-199.99998808E-3,
,,,6.04800034,-199.99998808E-3,
,,,6.05200052,-199.99998808E-3,
,,,6.05600023,-199.99998808E-3,
,,,6.06000042,-159.99999642E-3,
,,,6.06400013,-199.99998808E-3,
,,,6.06800032,-159.99999642E-3,
,,,6.07200050,-159.99999642E-3,
,,,6.07600021,-159.99999642E-3,
,,,6.08000040,-119.9999973E-3,
,,,6.08400011,-159.99999642E-3,
,,,6.08800030,-159.99999642E-3,
,,,6.09200048,-119.9999973E-3,
,,,6.09600019,-119.9999973E-3,
,,,6.10000038,-119.9999973E-3,
,,,6.10400009,-119.9999973E-3,
,,,6.10800028,-119.9999973E-3,
,,,6.11200047,-79.999998212E-3,
,,,6.11600018,-79.999998212E-3,
,,,6.12000036,-79.999998212E-3,
,,,6.12400007,-79.999998212E-3,
,,,6.12800026,-79.999998212E-3,
,,,6.13200045,-79.999998212E-3,
,,,6.13600016,-79.999998212E-3,
,,,6.14000034,-79.999998212E-3,
,,,6.14400005,-39.99999911E-3,
,,,6.14800024,-39.99999911E-3,
,,,6.15200043,-39.99999911E-3,
,,,6.15600014,-39.99999911E-3,
,,,6.16000032,-39.99999911E-3,
,,,6.16400051,-39.99999911E-3,
,,,6.16800022,0.0,
,,,6.17200041,-39.99999911E-3,
,,,6.17600012,0.0,
,,,6.18000031,0.0,
,,,6.18400049,0.0,
,,,6.18800020,39.99999911E-3,
,,,6.19200039,0.0,
,,,6.19600010,39.99999911E-3,
,,,6.20000029,0.0,
,,,6.20400047,39.99999911E-3,
,,,6.20800018,39.99999911E-3,
,,,6.21200037,39.99999911E-3,
,,,6.21600008,39.99999911E-3,
,,,6.22000027,39.99999911E-3,
,,,6.22400045,39.99999911E-3,
,,,6.22800016,79.999998212E-3,
,,,6.23200035,79.999998212E-3,
,,,6.23600006,79.999998212E-3,
,,,6.24000025,79.999998212E-3,
,,,6.24400043,119.9999973E-3,
,,,6.24800014,79.999998212E-3,
,,,6.25200033,119.9999973E-3,
,,,6.25600052,119.9999973E-3,
,,,6.26000023,119.9999973E-3,
,,,6.26400042,119.9999973E-3,
,,,6.26800013,119.9999973E-3,
,,,6.27200031,119.9999973E-3,
,,,6.27600050,159.99999642E-3,
,,,6.28000021,119.9999973E-3,
,,,6.28400040,159.99999642E-3,
,,,6.28800011,119.9999973E-3,
,,,6.29200029,119.9999973E-3,
,,,6.29600048,159.99999642E-3,
,,,6.30000019,159.99999642E-3,
,,,6.30400038,119.9999973E-3,
,,,6.30800009,159.99999642E-3,
,,,6.31200027,159.99999642E-3,
,,,6.31600046,159.99999642E-3,
,,,6.32000017,159.99999642E-3,
,,,6.32400036,159.99999642E-3,
,,,6.32800007,159.99999642E-3,
,,,6.33200026,159.99999642E-3,
,,,6.33600044,159.99999642E-3,
,,,6.34000015,159.99999642E-3,
,,,6.34400034,159.99999642E-3,
,,,6.34800053,159.99999642E-3,
,,,6.35200024,159.99999642E-3,
,,,6.35600042,159.99999642E-3,
,,,6.36000013,199.99998808E-3,
,,,6.36400032,199.99998808E-3,
,,,6.36800051,199.99998808E-3,
,,,6.37200022,159.99999642E-3,
,,,6.37600040,199.99998808E-3,
,,,6.38000011,199.99998808E-3,
,,,6.38400030,199.99998808E-3,
,,,6.38800049,199.99998808E-3,
,,,6.39200020,199.99998808E-3,
,,,6.39600039,159.99999642E-3,
,,,6.40000010,199.99998808E-3,
,,,6.40400028,199.99998808E-3,
,,,6.40800047,199.99998808E-3,
,,,6.41200018,199.99998808E-3,
,,,6.41600037,199.99998808E-3,
,,,6.42000008,199.99998808E-3,
,,,6.42400026,159.99999642E-3,
,,,6.42800045,199.99998808E-3,
,,,6.43200016,199.99998808E-3,
,,,6.43600035,199.99998808E-3,
,,,6.44000053,199.99998808E-3,
,,,6.44400024,199.99998808E-3,
,,,6.44800043,199.99998808E-3,
,,,6.45200014,199.99998808E-3,
,,,6.45600033,199.99998808E-3,
,,,6.46000051,199.99998808E-3,
,,,6.46400023,199.99998808E-3,
,,,6.46800041,199.99998808E-3,
,,,6.47200012,199.99998808E-3,
,,,6.47600031,199.99998808E-3,
,,,6.48000050,199.99998808E-3,
,,,6.48400021,199.99998808E-3,
,,,6.48800039,199.99998808E-3,
,,,6.49200010,199.99998808E-3,
,,,6.49600029,199.99998808E-3,
,,,6.50000048,199.99998808E-3,
,,,6.50400019,159.99999642E-3,
,,,6.50800037,199.99998808E-3,
,,,6.51200008,199.99998808E-3,
,,,6.51600027,199.99998808E-3,
,,,6.52000046,199.99998808E-3,
,,,6.52400017,199.99998808E-3,
,,,6.52800035,199.99998808E-3,
,,,6.53200054,199.99998808E-3,
,,,6.53600025,199.99998808E-3,
,,,6.54000044,199.99998808E-3,
,,,6.54400015,199.99998808E-3,
,,,6.54800034,159.99999642E-3,
,,,6.55200052,199.99998808E-3,
,,,6.55600023,159.99999642E-3,
,,,6.56000042,159.99999642E-3,
,,,6.56400013,159.99999642E-3,
,,,6.56800032,159.99999642E-3,
,,,6.57200050,159.99999642E-3,
,,,6.57600021,159.99999642E-3,
,,,6.58000040,159.99999642E-3,
,,,6.58400011,159.99999642E-3,
,,,6.58800030,159.99999642E-3,
,,,6.59200048,159.99999642E-3,
,,,6.59600019,159.99999642E-3,
,,,6.60000038,159.99999642E-3,
,,,6.60400009,159.99999642E-3,
,,,6.60800028,159.99999642E-3,
,,,6.61200047,159.99999642E-3,
,,,6.61600018,159.99999642E-3,
,,,6.62000036,159.99999642E-3,
,,,6.62400055,159.99999642E-3,
,,,6.62800026,119.9999973E-3,
,,,6.63200045,159.99999642E-3,
,,,6.63600016,159.99999642E-3,
,,,6.64000034,159.99999642E-3,
,,,6.64400053,159.99999642E-3,
,,,6.64800024,159.99999642E-3,
,,,6.65200043,119.9999973E-3,
,,,6.65600014,119.9999973E-3,
,,,6.66000032,119.9999973E-3,
,,,6.66400051,119.9999973E-3,
,,,6.66800022,119.9999973E-3,
,,,6.67200041,159.99999642E-3,
,,,6.67600012,119.9999973E-3,
,,,6.68000031,119.9999973E-3,
,,,6.68400049,119.9999973E-3,
,,,6.68800020,119.9999973E-3,
,,,6.69200039,119.9999973E-3,
,,,6.69600010,119.9999973E-3,
,,,6.70000029,119.9999973E-3,
,,,6.70400047,119.9999973E-3,
,,,6.70800018,119.9999973E-3,
,,,6.71200037,119.9999973E-3,
,,,6.71600056,119.9999973E-3,
,,,6.72000027,79.999998212E-3,
,,,6.72400045,79.999998212E-3,
,,,6.72800016,79.999998212E-3,
,,,6.73200035,79.999998212E-3,
,,,6.73600054,79.999998212E-3,
,,,6.74000025,79.999998212E-3,
,,,6.74400043,79.999998212E-3,
,,,6.74800014,79.999998212E-3,
,,,6.75200033,39.99999911E-3,
,,,6.75600052,79.999998212E-3,
,,,6.76000023,79.999998212E-3,
,,,6.76400042,79.999998212E-3,
,,,6.76800013,39.99999911E-3,
,,,6.77200031,79.999998212E-3,
,,,6.77600050,39.99999911E-3,
,,,6.78000021,39.99999911E-3,
,,,6.78400040,39.99999911E-3,
,,,6.78800011,0.0,
,,,6.79200029,39.99999911E-3,
,,,6.79600048,0.0,
,,,6.80000019,39.99999911E-3,
,,,6.80400038,0.0,
,,,6.80800009,0.0,
,,,6.81200027,0.0,
,,,6.81600046,0.0,
,,,6.82000017,0.0,
,,,6.82400036,0.0,
,,,6.82800055,0.0,
,,,6.83200026,0.0,
,,,6.83600044,0.0,
,,,6.84000015,0.0,
,,,6.84400034,0.0,
,,,6.84800053,0.0,
,,,6.85200024,0.0,
,,,6.85600042,0.0,
,,,6.86000013,0.0,
,,,6.86400032,-39.99999911E-3,
,,,6.86800051,0.0,
,,,6.87200022,-39.99999911E-3,
,,,6.87600040,-39.99999911E-3,
,,,6.88000011,0.0,
,,,6.88400030,-39.99999911E-3,
,,,6.88800049,-39.99999911E-3,
,,,6.89200020,-39.99999911E-3,
,,,6.89600039,-39.99999911E-3,
,,,6.90000010,-39.99999911E-3,
,,,6.90400028,-39.99999911E-3,
,,,6.90800047,-39.99999911E-3,
,,,6.91200018,-39.99999911E-3,
,,,6.91600037,-39.99999911E-3,
,,,6.92000055,-39.99999911E-3,
,,,6.92400026,-39.99999911E-3,
,,,6.92800045,-79.999998212E-3,
,,,6.93200016,-39.99999911E-3,
,,,6.93600035,-39.99999911E-3,
,,,6.94000053,-39.99999911E-3,
,,,6.94400024,-79.999998212E-3,
,,,6.94800043,-79.999998212E-3,
,,,6.95200014,-79.999998212E-3,
,,,6.95600033,-79.999998212E-3,
,,,6.96000051,-39.99999911E-3,
,,,6.96400023,-79.999998212E-3,
,,,6.96800041,-79.999998212E-3,
,,,6.97200012,-79.999998212E-3,
,,,6.97600031,-79.999998212E-3,
,,,6.98000050,-39.99999911E-3,
,,,6.98400021,-79.999998212E-3,
,,,6.98800039,-79.999998212E-3,
,,,6.99200010,-79.999998212E-3,
,,,6.99600029,-79.999998212E-3,
,,,7.00000048,-79.999998212E-3,
,,,7.00400019,-79.999998212E-3,
,,,7.00800037,-79.999998212E-3,
,,,7.01200056,-79.999998212E-3,
,,,7.01600027,-79.999998212E-3,
,,,7.02000046,-79.999998212E-3,
,,,7.02400017,-79.999998212E-3,
,,,7.02800035,-79.999998212E-3,
,,,7.03200054,-79.999998212E-3,
,,,7.03600025,-79.999998212E-3,
,,,7.04000044,-79.999998212E-3,
,,,7.04400015,-79.999998212E-3,
,,,7.04800034,-119.9999973E-3,
,,,7.05200052,-79.999998212E-3,
,,,7.05600023,-79.999998212E-3,
,,,7.06000042,-79.999998212E-3,
,,,7.06400013,-79.999998212E-3,
,,,7.06800032,-119.9999973E-3,
,,,7.07200050,-79.999998212E-3,
,,,7.07600021,-79.999998212E-3,
,,,7.08000040,-79.999998212E-3,
,,,7.08400011,-79.999998212E-3,
,,,7.08800030,-79.999998212E-3,
,,,7.09200048,-39.99999911E-3,
,,,7.09600019,-79.999998212E-3,
,,,7.10000038,-79.999998212E-3,
,,,7.10400057,-79.999998212E-3,
,,,7.10800028,-79.999998212E-3,
,,,7.11200047,-79.999998212E-3,
,,,7.11600018,-79.999998212E-3,
,,,7.12000036,-79.999998212E-3,
,,,7.12400055,-79.999998212E-3,
,,,7.12800026,-79.999998212E-3,
,,,7.13200045,-79.999998212E-3,
,,,7.13600016,-79.999998212E-3,
,,,7.14000034,-39.99999911E-3,
,,,7.14400053,-39.99999911E-3,
,,,7.14800024,-79.999998212E-3,
,,,7.15200043,-39.99999911E-3,
,,,7.15600014,-79.999998212E-3,
,,,7.16000032,-39.99999911E-3,
,,,7.16400051,-39.99999911E-3,
,,,7.16800022,-79.999998212E-3,
,,,7.17200041,-39.99999911E-3,
,,,7.17600012,-79.999998212E-3,
,,,7.18000031,-39.99999911E-3,
,,,7.18400049,-39.99999911E-3,
,,,7.18800020,-79.999998212E-3,
,,,7.19200039,-39.99999911E-3,
,,,7.19600058,-39.99999911E-3,
,,,7.20000029,-79.999998212E-3,
,,,7.20400047,-39.99999911E-3,
,,,7.20800018,-39.99999911E-3,
,,,7.21200037,-39.99999911E-3,
,,,7.21600056,-39.99999911E-3,
,,,7.22000027,-39.99999911E-3,
,,,7.22400045,-39.99999911E-3,
,,,7.22800016,-39.99999911E-3,
,,,7.23200035,-39.99999911E-3,
,,,7.23600054,-39.99999911E-3,
,,,7.24000025,-39.99999911E-3,
,,,7.24400043,-39.99999911E-3,
,,,7.24800014,-39.99999911E-3,
,,,7.25200033,-39.99999911E-3,
,,,7.25600052,-39.99999911E-3,
,,,7.26000023,-39.99999911E-3,
,,,7.26400042,-39.99999911E-3,
,,,7.26800013,0.0,
,,,7.27200031,0.0,
,,,7.27600050,0.0,
,,,7.28000021,0.0,
,,,7.28400040,0.0,
,,,7.28800058,0.0,
,,,7.29200029,0.0,
,,,7.29600048,0.0,
,,,7.30000019,-39.99999911E-3,
,,,7.30400038,0.0,
,,,7.30800056,0.0,
,,,7.31200027,0.0,
,,,7.31600046,0.0,
,,,7.32000017,0.0,
,,,7.32400036,0.0,
,,,7.32800055,0.0,
,,,7.33200026,0.0,
,,,7.33600044,0.0,
,,,7.34000015,0.0,
,,,7.34400034,39.99999911E-3,
,,,7.34800053,39.99999911E-3,
,,,7.35200024,39.99999911E-3,
,,,7.35600042,39.99999911E-3,
,,,7.36000013,39.99999911E-3,
,,,7.36400032,0.0,
,,,7.36800051,39.99999911E-3,
,,,7.37200022,39.99999911E-3,
,,,7.37600040,39.99999911E-3,
,,,7.38000011,39.99999911E-3,
,,,7.38400030,0.0,
,,,7.38800049,39.99999911E-3,
,,,7.392000198,39.99999911E-3,
,,,7.396000385,39.99999911E-3,
,,,7.400000572,39.99999911E-3,
,,,7.404000282,39.99999911E-3,
,,,7.408000469,39.99999911E-3,
,,,7.412000179,39.99999911E-3,
,,,7.416000366,39.99999911E-3,
,,,7.420000553,39.99999911E-3,
,,,7.424000263,39.99999911E-3,
,,,7.428000450,39.99999911E-3,
,,,7.432000160,39.99999911E-3,
,,,7.436000347,39.99999911E-3,
,,,7.440000534,39.99999911E-3,
,,,7.444000244,79.999998212E-3,
,,,7.448000431,39.99999911E-3,
,,,7.452000141,39.99999911E-3,
,,,7.456000328,79.999998212E-3,
,,,7.460000515,79.999998212E-3,
,,,7.464000225,79.999998212E-3,
,,,7.468000412,39.99999911E-3,
,,,7.472000122,39.99999911E-3,
,,,7.476000309,79.999998212E-3,
,,,7.480000496,39.99999911E-3,
,,,7.484000206,79.999998212E-3,
,,,7.488000393,79.999998212E-3,
,,,7.492000580,79.999998212E-3,
,,,7.496000290,79.999998212E-3,
,,,7.500000477,39.99999911E-3,
,,,7.504000187,79.999998212E-3,
,,,7.508000374,79.999998212E-3,
,,,7.512000561,79.999998212E-3,
,,,7.516000271,39.99999911E-3,
,,,7.520000458,79.999998212E-3,
,,,7.524000168,79.999998212E-3,
,,,7.528000355,79.999998212E-3,
,,,7.532000542,79.999998212E-3,
,,,7.536000252,79.999998212E-3,
,,,7.540000439,79.999998212E-3,
,,,7.544000149,79.999998212E-3,
,,,7.548000336,79.999998212E-3,
,,,7.552000523,79.999998212E-3,
,,,7.556000233,39.99999911E-3,
,,,7.560000420,79.999998212E-3,
,,,7.564000130,79.999998212E-3,
,,,7.568000317,39.99999911E-3,
,,,7.572000504,79.999998212E-3,
,,,7.576000214,79.999998212E-3,
,,,7.580000401,119.9999973E-3,
,,,7.584000587,79.999998212E-3,
,,,7.588000298,119.9999973E-3,
,,,7.592000484,79.999998212E-3,
,,,7.596000195,79.999998212E-3,
,,,7.600000381,79.999998212E-3,
,,,7.604000568,79.999998212E-3,
,,,7.608000278,79.999998212E-3,
,,,7.612000465,79.999998212E-3,
,,,7.616000175,119.9999973E-3,
,,,7.620000362,79.999998212E-3,
,,,7.624000549,79.999998212E-3,
,,,7.628000259,79.999998212E-3,
,,,7.632000446,119.9999973E-3,
,,,7.636000156,79.999998212E-3,
,,,7.640000343,79.999998212E-3,
,,,7.644000530,79.999998212E-3,
,,,7.648000240,119.9999973E-3,
,,,7.652000427,79.999998212E-3,
,,,7.656000137,79.999998212E-3,
,,,7.660000324,79.999998212E-3,
,,,7.664000511,79.999998212E-3,
,,,7.668000221,79.999998212E-3,
,,,7.672000408,79.999998212E-3,
,,,7.676000595,79.999998212E-3,
,,,7.680000305,79.999998212E-3,
,,,7.684000492,79.999998212E-3,
,,,7.688000202,39.99999911E-3,
,,,7.692000389,79.999998212E-3,
,,,7.696000576,79.999998212E-3,
,,,7.700000286,79.999998212E-3,
,,,7.704000473,79.999998212E-3,
,,,7.708000183,79.999998212E-3,
,,,7.712000370,119.9999973E-3,
,,,7.716000557,79.999998212E-3,
,,,7.720000267,79.999998212E-3,
,,,7.724000454,79.999998212E-3,
,,,7.728000164,79.999998212E-3,
,,,7.732000351,39.99999911E-3,
,,,7.736000538,79.999998212E-3,
,,,7.740000248,79.999998212E-3,
,,,7.744000435,79.999998212E-3,
,,,7.748000145,79.999998212E-3,
,,,7.752000332,79.999998212E-3,
,,,7.756000519,39.99999911E-3,
,,,7.760000229,79.999998212E-3,
,,,7.764000416,79.999998212E-3,
,,,7.768000603,79.999998212E-3,
,,,7.772000313,79.999998212E-3,
,,,7.776000500,79.999998212E-3,
,,,7.780000210,79.999998212E-3,
,,,7.784000397,79.999998212E-3,
,,,7.788000584,79.999998212E-3,
,,,7.792000294,79.999998212E-3,
,,,7.796000481,39.99999911E-3,
,,,7.800000191,79.999998212E-3,
,,,7.804000378,79.999998212E-3,
,,,7.808000565,39.99999911E-3,
,,,7.812000275,79.999998212E-3,
,,,7.816000462,79.999998212E-3,
,,,7.820000172,79.999998212E-3,
,,,7.824000359,39.99999911E-3,
,,,7.828000546,39.99999911E-3,
,,,7.832000256,39.99999911E-3,
,,,7.836000443,39.99999911E-3,
,,,7.840000153,79.999998212E-3,
,,,7.844000340,79.999998212E-3,
,,,7.848000526,79.999998212E-3,
,,,7.852000237,39.99999911E-3,
,,,7.856000423,39.99999911E-3,
,,,7.860000610,39.99999911E-3,
,,,7.864000320,39.99999911E-3,
,,,7.868000507,39.99999911E-3,
,,,7.872000217,39.99999911E-3,
,,,7.876000404,39.99999911E-3,
,,,7.880000591,39.99999911E-3,
,,,7.884000301,39.99999911E-3,
,,,7.888000488,39.99999911E-3,
,,,7.892000198,39.99999911E-3,
,,,7.896000385,39.99999911E-3,
,,,7.900000572,39.99999911E-3,
,,,7.904000282,39.99999911E-3,
,,,7.908000469,39.99999911E-3,
,,,7.912000179,39.99999911E-3,
,,,7.916000366,39.99999911E-3,
,,,7.920000553,39.99999911E-3,
,,,7.924000263,39.99999911E-3,
,,,7.928000450,39.99999911E-3,
,,,7.932000160,39.99999911E-3,
,,,7.936000347,39.99999911E-3,
,,,7.940000534,39.99999911E-3,
,,,7.944000244,39.99999911E-3,
,,,7.948000431,39.99999911E-3,
,,,7.952000141,39.99999911E-3,
,,,7.956000328,0.0,
,,,7.960000515,39.99999911E-3,
,,,7.964000225,0.0,
,,,7.968000412,39.99999911E-3,
,,,7.972000599,39.99999911E-3,
,,,7.976000309,39.99999911E-3,
,,,7.980000496,0.0,
,,,7.984000206,39.99999911E-3,
,,,7.988000393,39.99999911E-3,
,,,7.992000580,39.99999911E-3,
,,,7.996000290,39.99999911E-3,
,,,8.000000000,0.0,
,,,8.004000664,0.0,
,,,8.008000374,0.0,
,,,8.012000084,39.99999911E-3,
,,,8.016000748,39.99999911E-3,
,,,8.020000458,0.0,
,,,8.024000168,0.0,
,,,8.028000832,39.99999911E-3,
,,,8.032000542,39.99999911E-3,
,,,8.036000252,0.0,
,,,8.039999962,39.99999911E-3,
,,,8.044000626,0.0,
,,,8.048000336,0.0,
,,,8.052000046,0.0,
,,,8.056000710,0.0,
,,,8.060000420,39.99999911E-3,
,,,8.064000130,0.0,
,,,8.068000793,0.0,
,,,8.072000504,0.0,
,,,8.076000214,39.99999911E-3,
,,,8.079999924,0.0,
,,,8.084000587,39.99999911E-3,
,,,8.088000298,0.0,
,,,8.092000008,0.0,
,,,8.096000671,0.0,
,,,8.100000381,0.0,
,,,8.104000092,0.0,
,,,8.108000755,0.0,
,,,8.112000465,39.99999911E-3,
,,,8.116000175,0.0,
,,,8.120000839,0.0,
,,,8.124000549,0.0,
,,,8.128000259,0.0,
,,,8.131999969,0.0,
,,,8.136000633,0.0,
,,,8.140000343,0.0,
,,,8.144000053,0.0,
,,,8.148000717,0.0,
,,,8.152000427,0.0,
,,,8.156000137,0.0,
,,,8.160000801,0.0,
,,,8.164000511,0.0,
,,,8.168000221,0.0,
,,,8.171999931,-39.99999911E-3,
,,,8.176000595,0.0,
,,,8.180000305,0.0,
,,,8.184000015,0.0,
,,,8.188000679,0.0,
,,,8.192000389,0.0,
,,,8.196000099,0.0,
,,,8.200000763,0.0,
,,,8.204000473,0.0,
,,,8.208000183,0.0,
,,,8.212000847,0.0,
,,,8.216000557,0.0,
,,,8.220000267,-39.99999911E-3,
,,,8.223999977,0.0,
,,,8.228000641,0.0,
,,,8.232000351,0.0,
,,,8.236000061,0.0,
,,,8.240000725,0.0,
,,,8.244000435,0.0,
,,,8.248000145,0.0,
,,,8.252000809,0.0,
,,,8.256000519,0.0,
,,,8.260000229,0.0,
,,,8.263999939,0.0,
,,,8.268000603,0.0,
,,,8.272000313,0.0,
,,,8.276000023,0.0,
,,,8.280000687,0.0,
,,,8.284000397,0.0,
,,,8.288000107,0.0,
,,,8.292000771,0.0,
,,,8.296000481,0.0,
,,,8.300000191,0.0,
,,,8.304000854,0.0,
,,,8.308000565,-39.99999911E-3,
,,,8.312000275,0.0,
,,,8.315999985,0.0,
,,,8.320000648,0.0,
,,,8.324000359,0.0,
,,,8.328000069,0.0,
,,,8.332000732,0.0,
,,,8.336000443,0.0,
,,,8.340000153,0.0,
,,,8.344000816,0.0,
,,,8.348000526,0.0,
,,,8.352000237,0.0,
,,,8.355999947,0.0,
,,,8.360000610,39.99999911E-3,
,,,8.364000320,0.0,
,,,8.368000031,0.0,
,,,8.372000694,0.0,
,,,8.376000404,0.0,
,,,8.380000114,39.99999911E-3,
,,,8.384000778,0.0,
,,,8.388000488,0.0,
,,,8.392000198,0.0,
,,,8.396000862,0.0,
,,,8.400000572,0.0,
,,,8.404000282,0.0,
,,,8.407999992,0.0,
,,,8.412000656,0.0,
,,,8.416000366,0.0,
,,,8.420000076,0.0,
,,,8.424000740,0.0,
,,,8.428000450,0.0,
,,,8.432000160,0.0,
,,,8.436000824,0.0,
,,,8.440000534,0.0,
,,,8.444000244,0.0,
,,,8.447999954,0.0,
,,,8.452000618,0.0,
,,,8.456000328,0.0,
,,,8.460000038,0.0,
,,,8.464000702,0.0,
,,,8.468000412,0.0,
,,,8.472000122,0.0,
,,,8.476000786,39.99999911E-3,
,,,8.480000496,39.99999911E-3,
,,,8.484000206,39.99999911E-3,
,,,8.488000870,39.99999911E-3,
,,,8.492000580,0.0,
,,,8.496000290,39.99999911E-3,
,,,8.500000000,39.99999911E-3,
,,,8.504000664,39.99999911E-3,
,,,8.508000374,39.99999911E-3,
,,,8.512000084,0.0,
,,,8.516000748,39.99999911E-3,
,,,8.520000458,39.99999911E-3,
,,,8.524000168,0.0,
,,,8.528000832,0.0,
,,,8.532000542,39.99999911E-3,
,,,8.536000252,39.99999911E-3,
,,,8.539999962,39.99999911E-3,
,,,8.544000626,39.99999911E-3,
,,,8.548000336,39.99999911E-3,
,,,8.552000046,39.99999911E-3,
,,,8.556000710,0.0,
,,,8.560000420,39.99999911E-3,
,,,8.564000130,0.0,
,,,8.568000793,39.99999911E-3,
,,,8.572000504,39.99999911E-3,
,,,8.576000214,39.99999911E-3,
,,,8.580000877,39.99999911E-3,
,,,8.584000587,0.0,
,,,8.588000298,39.99999911E-3,
,,,8.592000008,39.99999911E-3,
,,,8.596000671,39.99999911E-3,
,,,8.600000381,39.99999911E-3,
,,,8.604000092,39.99999911E-3,
,,,8.608000755,39.99999911E-3,
,,,8.612000465,39.99999911E-3,
,,,8.616000175,39.99999911E-3,
,,,8.620000839,39.99999911E-3,
,,,8.624000549,0.0,
,,,8.628000259,39.99999911E-3,
,,,8.631999969,39.99999911E-3,
,,,8.636000633,39.99999911E-3,
,,,8.640000343,39.99999911E-3,
,,,8.644000053,39.99999911E-3,
,,,8.648000717,39.99999911E-3,
,,,8.652000427,39.99999911E-3,
,,,8.656000137,39.99999911E-3,
,,,8.660000801,39.99999911E-3,
,,,8.664000511,0.0,
,,,8.668000221,39.99999911E-3,
,,,8.672000885,39.99999911E-3,
,,,8.676000595,39.99999911E-3,
,,,8.680000305,39.99999911E-3,
,,,8.684000015,39.99999911E-3,
,,,8.688000679,39.99999911E-3,
,,,8.692000389,39.99999911E-3,
,,,8.696000099,39.99999911E-3,
,,,8.700000763,39.99999911E-3,
,,,8.704000473,39.99999911E-3,
,,,8.708000183,39.99999911E-3,
,,,8.712000847,39.99999911E-3,
,,,8.716000557,79.999998212E-3,
,,,8.720000267,39.99999911E-3,
,,,8.723999977,39.99999911E-3,
,,,8.728000641,39.99999911E-3,
,,,8.732000351,39.99999911E-3,
,,,8.736000061,39.99999911E-3,
,,,8.740000725,39.99999911E-3,
,,,8.744000435,39.99999911E-3,
,,,8.748000145,79.999998212E-3,
,,,8.752000809,39.99999911E-3,
,,,8.756000519,39.99999911E-3,
,,,8.760000229,-5.11999989,
,,,8.764000893,-5.11999989,
,,,8.768000603,-5.11999989,
,,,8.772000313,-5.11999989,
,,,8.776000023,-5.11999989,
,,,8.780000687,-5.11999989,
,,,8.784000397,-5.11999989,
,,,8.788000107,-5.11999989,
,,,8.792000771,-5.11999989,
,,,8.796000481,-5.11999989,
,,,8.800000191,-5.11999989,
,,,8.804000854,-5.11999989,
,,,8.808000565,-5.11999989,
,,,8.812000275,-5.11999989,
,,,8.815999985,-5.11999989,
,,,8.820000648,-5.11999989,
,,,8.824000359,-5.11999989,
,,,8.828000069,-5.11999989,
,,,8.832000732,-5.11999989,
,,,8.836000443,-5.11999989,
,,,8.840000153,-5.11999989,
,,,8.844000816,-5.11999989,
,,,8.848000526,-5.11999989,
,,,8.852000237,-5.11999989,
,,,8.855999947,-5.11999989,
,,,8.860000610,-5.11999989,
,,,8.864000320,-5.11999989,
,,,8.868000031,-5.11999989,
,,,8.872000694,-5.11999989,
,,,8.876000404,-5.11999989,
,,,8.880000114,-5.11999989,
,,,8.884000778,-5.11999989,
,,,8.888000488,-5.11999989,
,,,8.892000198,-5.11999989,
,,,8.896000862,-5.11999989,
,,,8.900000572,-5.11999989,
,,,8.904000282,-5.11999989,
,,,8.907999992,-5.11999989,
,,,8.912000656,-5.11999989,
,,,8.916000366,-5.11999989,
,,,8.920000076,-5.11999989,
,,,8.924000740,-5.11999989,
,,,8.928000450,-5.11999989,
,,,8.932000160,-5.11999989,
,,,8.936000824,-5.11999989,
,,,8.940000534,-5.11999989,
,,,8.944000244,-5.11999989,
,,,8.947999954,-5.11999989,
,,,8.952000618,-5.11999989,
,,,8.956000328,-5.11999989,
,,,8.960000038,-5.11999989,
,,,8.964000702,-5.11999989,
,,,8.968000412,-5.11999989,
,,,8.972000122,-5.11999989,
,,,8.976000786,-5.11999989,
,,,8.980000496,-5.11999989,
,,,8.984000206,-5.11999989,
,,,8.988000870,-5.11999989,
,,,8.992000580,-5.11999989,
,,,8.996000290,-5.11999989,
,,,9.000000000,-5.11999989,
,,,9.004000664,-5.11999989,
,,,9.008000374,-5.11999989,
,,,9.012000084,-5.11999989,
,,,9.016000748,-5.11999989,
,,,9.020000458,-5.11999989,
,,,9.024000168,-5.11999989,
,,,9.028000832,-5.11999989,
,,,9.032000542,-5.11999989,
,,,9.036000252,-5.11999989,
,,,9.039999962,-5.11999989,
,,,9.044000626,-5.11999989,
,,,9.048000336,-5.11999989,
,,,9.052000046,-5.11999989,
,,,9.056000710,-5.11999989,
,,,9.060000420,-5.11999989,
,,,9.064000130,-5.11999989,
,,,9.068000793,-5.11999989,
,,,9.072000504,-5.11999989,
,,,9.076000214,-5.11999989,
,,,9.080000877,-5.11999989,
,,,9.084000587,-5.11999989,
,,,9.088000298,-5.11999989,
,,,9.092000008,-5.11999989,
,,,9.096000671,-5.11999989,
,,,9.100000381,-5.11999989,
,,,9.104000092,-5.11999989,
,,,9.108000755,-5.11999989,
,,,9.112000465,-5.11999989,
,,,9.116000175,-5.11999989,
,,,9.120000839,-5.11999989,
,,,9.124000549,-5.11999989,
,,,9.128000259,-5.11999989,
,,,9.131999969,-5.11999989,
,,,9.136000633,-5.11999989,
,,,9.140000343,-5.11999989,
,,,9.144000053,-5.11999989,
,,,9.148000717,-5.11999989,
,,,9.152000427,-5.11999989,
,,,9.156000137,-5.11999989,
,,,9.160000801,-5.11999989,
,,,9.164000511,-5.11999989,
,,,9.168000221,-5.11999989,
,,,9.172000885,-5.11999989,
,,,9.176000595,-5.11999989,
,,,9.180000305,-5.11999989,
,,,9.184000015,-5.11999989,
,,,9.188000679,-5.11999989,
,,,9.192000389,-5.11999989,
,,,9.196000099,-5.11999989,
,,,9.200000763,-5.11999989,
,,,9.204000473,-5.11999989,
,,,9.208000183,-5.11999989,
,,,9.212000847,-5.11999989,
,,,9.216000557,-5.11999989,
,,,9.220000267,-5.11999989,
,,,9.223999977,-5.11999989,
,,,9.228000641,-5.11999989,
,,,9.232000351,-5.11999989,
,,,9.236000061,-5.11999989,
,,,9.240000725,-5.11999989,
,,,9.244000435,-5.11999989,
,,,9.248000145,-5.11999989,
,,,9.252000809,-5.11999989,
,,,9.256000519,-5.11999989,
,,,9.260000229,-5.11999989,
,,,9.264000893,-5.11999989,
,,,9.268000603,-5.11999989,
,,,9.272000313,-5.11999989,
,,,9.276000023,-5.11999989,
,,,9.280000687,-5.11999989,
,,,9.284000397,-5.11999989,
,,,9.288000107,-5.11999989,
,,,9.292000771,-5.11999989,
,,,9.296000481,-5.11999989,
,,,9.300000191,-5.11999989,
,,,9.304000854,-5.11999989,
,,,9.308000565,-5.11999989,
,,,9.312000275,-5.11999989,
,,,9.315999985,-5.11999989,
,,,9.320000648,-5.11999989,
,,,9.324000359,-5.11999989,
,,,9.328000069,-5.11999989,
,,,9.332000732,-5.11999989,
,,,9.336000443,-5.11999989,
,,,9.340000153,-5.11999989,
,,,9.344000816,-5.11999989,
,,,9.348000526,-5.11999989,
,,,9.352000237,-5.11999989,
,,,9.356000900,-5.11999989,
,,,9.360000610,-5.11999989,
,,,9.364000320,-5.11999989,
,,,9.368000031,-5.11999989,
,,,9.372000694,-5.11999989,
,,,9.376000404,-5.11999989,
,,,9.380000114,-5.11999989,
,,,9.384000778,-5.11999989,
,,,9.388000488,-5.11999989,
,,,9.392000198,-5.11999989,
,,,9.396000862,-5.11999989,
,,,9.400000572,-5.11999989,
,,,9.404000282,-5.11999989,
,,,9.407999992,-5.11999989,
,,,9.412000656,-5.11999989,
,,,9.416000366,-5.11999989,
,,,9.420000076,-5.11999989,
,,,9.424000740,-5.11999989,
,,,9.428000450,-5.11999989,
,,,9.432000160,-5.11999989,
,,,9.436000824,-5.11999989,
,,,9.440000534,-5.11999989,
,,,9.444000244,-5.11999989,
,,,9.448000908,-5.11999989,
,,,9.452000618,-5.11999989,
,,,9.456000328,-5.11999989,
,,,9.460000038,-5.11999989,
,,,9.464000702,-5.11999989,
,,,9.468000412,-5.11999989,
,,,9.472000122,-5.11999989,
,,,9.476000786,-5.11999989,
,,,9.480000496,-5.11999989,
,,,9.484000206,-5.11999989,
,,,9.488000870,-5.11999989,
,,,9.492000580,-5.11999989,
,,,9.496000290,-5.11999989,
,,,9.500000000,-5.11999989,
,,,9.504000664,-5.11999989,
,,,9.508000374,-5.11999989,
,,,9.512000084,-5.11999989,
,,,9.516000748,-5.11999989,
,,,9.520000458,-5.11999989,
,,,9.524000168,-5.11999989,
,,,9.528000832,-5.11999989,
,,,9.532000542,-5.11999989,
,,,9.536000252,-5.11999989,
,,,9.540000916,-5.11999989,
,,,9.544000626,-5.11999989,
,,,9.548000336,-5.11999989,
,,,9.552000046,-5.11999989,
,,,9.556000710,-5.11999989,
,,,9.560000420,-5.11999989,
,,,9.564000130,-5.11999989,
,,,9.568000793,-5.11999989,
,,,9.572000504,-5.11999989,
,,,9.576000214,-5.11999989,
,,,9.580000877,-5.11999989,
,,,9.584000587,-5.11999989,
,,,9.588000298,-5.11999989,
,,,9.592000008,-5.11999989,
,,,9.596000671,-5.11999989,
,,,9.600000381,-5.11999989,
,,,9.604000092,-5.11999989,
,,,9.608000755,-5.11999989,
,,,9.612000465,-5.11999989,
,,,9.616000175,-5.11999989,
,,,9.620000839,-5.11999989,
,,,9.624000549,-5.11999989,
,,,9.628000259,-5.11999989,
,,,9.632000923,-5.11999989,
,,,9.636000633,-5.11999989,
,,,9.640000343,-5.11999989,
,,,9.644000053,-5.11999989,
,,,9.648000717,-5.11999989,
,,,9.652000427,-5.11999989,
,,,9.656000137,-5.11999989,
,,,9.660000801,-5.11999989,
,,,9.664000511,-5.11999989,
,,,9.668000221,-5.11999989,
,,,9.672000885,-5.11999989,
,,,9.676000595,-5.11999989,
,,,9.680000305,-5.11999989,
,,,9.684000015,-5.11999989,
,,,9.688000679,-5.11999989,
,,,9.692000389,-5.11999989,
,,,9.696000099,-5.11999989,
,,,9.700000763,-5.11999989,
,,,9.704000473,-5.11999989,
,,,9.708000183,-5.11999989,
,,,9.712000847,-5.11999989,
,,,9.716000557,-5.11999989,
,,,9.720000267,-5.11999989,
,,,9.724000931,-5.11999989,
,,,9.728000641,-5.11999989,
,,,9.732000351,-5.11999989,
,,,9.736000061,-5.11999989,
,,,9.740000725,-5.11999989,
,,,9.744000435,-5.11999989,
,,,9.748000145,-5.11999989,
,,,9.752000809,-5.11999989,
,,,9.756000519,-5.11999989,
,,,9.760000229,359.99998450E-3,
,,,9.764000893,359.99998450E-3,
,,,9.768000603,319.99999285E-3,
,,,9.772000313,319.99999285E-3,
,,,9.776000023,280.00000119E-3,
,,,9.780000687,280.00000119E-3,
,,,9.784000397,239.99999464E-3,
,,,9.788000107,239.99999464E-3,
,,,9.792000771,199.99998808E-3,
,,,9.796000481,199.99998808E-3,
,,,9.800000191,199.99998808E-3,
,,,9.804000854,159.99999642E-3,
,,,9.808000565,159.99999642E-3,
,,,9.812000275,159.99999642E-3,
,,,9.816000938,159.99999642E-3,
,,,9.820000648,79.999998212E-3,
,,,9.824000359,79.999998212E-3,
,,,9.828000069,119.9999973E-3,
,,,9.832000732,79.999998212E-3,
,,,9.836000443,79.999998212E-3,
,,,9.840000153,39.99999911E-3,
,,,9.844000816,0.0,
,,,9.848000526,0.0,
,,,9.852000237,0.0,
,,,9.856000900,0.0,
,,,9.860000610,-39.99999911E-3,
,,,9.864000320,-39.99999911E-3,
,,,9.868000031,-39.99999911E-3,
,,,9.872000694,-119.9999973E-3,
,,,9.876000404,-79.999998212E-3,
,,,9.880000114,-119.9999973E-3,
,,,9.884000778,-119.9999973E-3,
,,,9.888000488,-159.99999642E-3,
,,,9.892000198,-119.9999973E-3,
,,,9.896000862,-159.99999642E-3,
,,,9.900000572,-199.99998808E-3,
,,,9.904000282,-199.99998808E-3,
,,,9.908000946,-199.99998808E-3,
,,,9.912000656,-199.99998808E-3,
,,,9.916000366,-199.99998808E-3,
,,,9.920000076,-239.99999464E-3,
,,,9.924000740,-239.99999464E-3,
,,,9.928000450,-280.00000119E-3,
,,,9.932000160,-280.00000119E-3,
,,,9.936000824,-280.00000119E-3,
,,,9.940000534,-280.00000119E-3,
,,,9.944000244,-319.99999285E-3,
,,,9.948000908,-319.99999285E-3,
,,,9.952000618,-359.99998450E-3,
,,,9.956000328,-319.99999285E-3,
,,,9.960000038,-359.99998450E-3,
,,,9.964000702,-359.99998450E-3,
,,,9.968000412,-359.99998450E-3,
,,,9.972000122,-399.99997616E-3,
,,,9.976000786,-399.99997616E-3,
,,,9.980000496,-399.99997616E-3,
,,,9.984000206,-399.99997616E-3,
,,,9.988000870,-399.99997616E-3,
,,,9.992000580,-439.999997616E-3,
,,,9.996000290,-439.999997616E-3,
